Player Name,Position,Nationality,Date Of Birth,Height(cm),Weight(kg)
Bernd Leno,Goalkeeper,Germany,1992-04-03,190.0,83.0
Arthur Okonkwo,Goalkeeper,England,2001-09-09,198.0,
Kieran Tierney,Defender,Scotland,1997-05-06,178.0,70.0
Gabriel Magalhães,Defender,Brazil,1997-12-19,190.0,78.0
Rob Holding,Defender,England,1995-09-20,189.0,75.0
Cédric Soares,Defender,Portugal,1991-08-31,172.0,67.0
Bukayo Saka,Midfielder,England,2001-05-09,178.0,65.0
Thomas Partey,Midfielder,Ghana,1993-06-13,185.0,77.0
Mohamed Elneny,Midfielder,Egypt,1992-11-07,180.0,70.0
Emile Smith Rowe,Midfielder,England,2000-07-28,182.0,79.0
Granit Xhaka,Midfielder,Switzerland,1992-09-27,185.0,82.0
Alexandre Lacazette,Forward,France,1991-05-28,175.0,73.0
Nicolas Pépé,Forward,Cote,1995-05-29,183.0,73.0
Eddie Nketiah,Forward,England,1999-05-30,175.0,72.0
Gabriel Martinelli,Forward,Brazil,2001-06-18,178.0,75.0
Nuno Tavares,Defender,Portugal,2000-01-26,183.0,75.0
Albert Sambi Lokonga,Midfielder,Belgium,1999-10-22,173.0,67.0
Benjamin White,Defender,England,1997-08-10,182.0,78.0
Martin Ødegaard,Midfielder,Norway,1998-12-17,178.0,68.0
Aaron Ramsdale,Goalkeeper,England,1998-05-14,188.0,77.0
Takehiro Tomiyasu,Defender,Japan,1998-05-11,188.0,70.0
Salah-Eddine Oulad M'hand,Midfielder,Netherlands,2003-08-20,,
Charlie Patino,Midfielder,England,2003-10-17,,
Omari Hutchinson,Midfielder,England,2003-10-29,,
Mika Biereth,Forward,England,2003-08-02,,
Zach Awe,Defender,England,2004-09-01,,
Zak Swanson,Defender,England,2000-09-28,,
Mazeed Ogungbo,Defender,Ireland,2002-10-20,,
Marcelo Flores,Midfielder,Mexico,2003-01-10,,
Miguel Azeez,Midfielder,England,2002-09-20,,
Emiliano Martínez,Goalkeeper,Argentina,1992-02-09,195.0,88.0
Matthew Cash,Defender,Poland,1997-07-08,185.0,
Ezri Konsa,Defender,England,1997-10-23,183.0,77.0
Tyrone Mings,Defender,England,1993-03-13,196.0,77.0
Kortney Hause,Defender,England,1995-07-16,191.0,77.0
Douglas Luiz,Midfielder,Brazil,1998-09-05,175.0,66.0
John McGinn,Midfielder,Scotland,1994-10-18,178.0,68.0
Marvelous Nakamba,Midfielder,Zimbabwe,1994-01-19,178.0,71.0
Morgan Sanson,Midfielder,France,1994-08-18,180.0,73.0
Jacob Ramsey,Midfielder,England,2001-05-28,,
Ollie Watkins,Forward,England,1995-12-30,180.0,70.0
Bertrand Traoré,Forward,Burkina,1995-06-09,181.0,73.0
Emiliano Buendía,Midfielder,Argentina,1996-12-25,172.0,72.0
Ashley Young,Defender,England,1985-09-07,175.0,65.0
Leon Bailey,Forward,Jamaica,1997-09-08,178.0,77.0
Danny Ings,Forward,England,1992-07-23,178.0,73.0
Carney Chukwuemeka,Midfielder,England,2003-10-20,,
Viljami Sinisalo,Goalkeeper,Finland,2001-11-10,,
Sil Swinkels,Defender,Netherlands,2004-06-01,,
Lamare Bogarde,Midfielder,Netherlands,2004-05-01,,
Hayden Lindley,Midfielder,England,2002-02-09,,
Tim Iroegbunam,Midfielder,England,2003-06-30,,
Josh Feeney,Midfielder,England,2005-06-05,,
Philippe Coutinho,Midfielder,Brazil,1992-12-06,172.0,68.0
Lucas Digne,Defender,France,1993-07-20,178.0,74.0
Robin Olsen,Goalkeeper,Sweden,1990-08-01,198.0,89.0
Calum Chambers,Defender,England,1995-01-20,182.0,66.0
Benjamin Chrisene,Midfielder,England,2004-12-01,,
Tommi O'Reilly,Midfielder,England,2003-12-15,,
David Raya,Goalkeeper,Spain,1995-09-15,183.0,80.0
Rico Henry,Defender,England,1997-08-07,170.0,67.0
Ethan Pinnock,Defender,Jamaica,1993-05-29,187.0,79.0
Pontus Jansson,Defender,Sweden,1991-02-13,194.0,89.0
Mads Bech Sørensen,Defender,Denmark,1999-07-01,189.0,92.0
Mads Roerslev,Defender,Denmark,1999-06-24,184.0,77.0
Christian Nørgaard,Midfielder,Denmark,1994-10-03,187.0,76.0
Mathias Jensen,Midfielder,Denmark,1996-01-01,180.0,68.0
Josh Dasilva,Midfielder,England,1998-10-23,184.0,75.0
Bryan Mbeumo,Midfielder,France,1999-07-08,171.0,
Tariqe Fosu-Henry,Midfielder,Ghana,1995-05-11,180.0,75.0
Shandon Baptiste,Midfielder,Grenada,1998-08-04,175.0,71.0
Vitaly Janelt,Midfielder,Germany,1998-10-05,184.0,79.0
Sergi Canós,Forward,Spain,1997-02-02,177.0,75.0
Ivan Toney,Forward,England,1996-03-16,179.0,70.0
Saman Ghoddos,Forward,Iran,1993-06-09,176.0,75.0
Julian Jeanvier,Defender,Guinea,1992-03-31,185.0,84.0
Finley Stevens,Defender,Wales,2003-10-04,,
Lewis Gordon,Defender,England,2001-12-02,,
Maxwell Haygarth,Midfielder,England,2002-01-21,,
Kristoffer Ajer,Defender,Norway,1998-04-17,196.0,84.0
Frank Onyeka,Midfielder,Nigeria,1998-01-01,183.0,
Myles Peart-Harris,Midfielder,England,2002-09-18,,
Yoane Wissa,Midfielder,DR,1996-03-09,176.0,74.0
Álvaro Fernández,Goalkeeper,Spain,1998-04-13,185.0,75.0
Zanka,Defender,Denmark,1990-04-23,191.0,79.0
Paris Maghoma,Midfielder,England,2001-08-05,,
Matthew Cox,Goalkeeper,England,2003-02-05,,
Daniel Oyegoke,Defender,England,2003-03-01,,
Nathan Young-Coombes,Forward,England,2003-01-15,,
Patrik Gunnarsson,Goalkeeper,Iceland,2000-11-15,190.0,84.0
Jonas Lössl,Goalkeeper,Denmark,1989-01-02,195.0,89.0
Christian Eriksen,Midfielder,Denmark,1992-02-14,182.0,76.0
Jason Steele,Goalkeeper,England,1990-08-18,188.0,79.0
Robert Sánchez,Goalkeeper,Spain,1997-11-18,197.0,90.0
Tariq Lamptey,Defender,England,2000-09-30,,
Adam Webster,Defender,England,1995-04-01,191.0,75.0
Lewis Dunk,Defender,England,1991-11-21,192.0,88.0
Joël Veltman,Defender,Netherlands,1992-01-15,184.0,75.0
Yves Bissouma,Midfielder,Mali,1996-08-30,182.0,80.0
Alexis Mac Allister,Midfielder,Argentina,1998-12-24,176.0,72.0
Pascal Groß,Midfielder,Germany,1991-06-15,181.0,78.0
Adam Lallana,Midfielder,England,1988-10-05,172.0,73.0
Jakub Moder,Midfielder,Poland,1999-07-04,188.0,78.0
Steven Alzate,Midfielder,Colombia,1998-08-09,180.0,75.0
Solly March,Midfielder,England,1994-07-20,180.0,88.0
Neal Maupay,Forward,France,1996-08-14,173.0,69.0
Leandro Trossard,Forward,Belgium,1994-04-12,171.0,61.0
Danny Welbeck,Forward,England,1990-11-26,185.0,73.0
Shane Duffy,Defender,Ireland,1992-01-01,193.0,76.0
Enock Mwepu,Midfielder,Zambia,1998-01-01,184.0,76.0
Haydon Roberts,Defender,England,2002-10-05,,
James Furlong,Defender,Ireland,2002-07-06,,
Marc Leonard,Midfielder,Scotland,2001-12-19,,
Evan Ferguson,Forward,Ireland,2004-10-19,,
Odeluga Offiah,Defender,England,2002-10-26,,
Antef Tsoungui,Defender,England,2002-12-30,,
Andrew Moran,Midfielder,Ireland,2003-10-15,,
Thomas McGill,Goalkeeper,England,2000-03-25,,
Marc Cucurella,Defender,Spain,1998-07-22,172.0,66.0
Tudor Baluta,Defender,Romania,1999-03-27,192.0,80.0
Ed Turns,Defender,Wales,2002-10-18,,
Jeremy Sarmiento,Forward,Ecuador,2002-06-16,,
Lars Dendoncker,Defender,Belgium,2001-03-04,,
Moisés Caicedo,Midfielder,Ecuador,2001-02-11,178.0,73.0
Kjell Scherpen,Goalkeeper,Netherlands,2000-01-23,204.0,98.0
Nick Pope,Goalkeeper,England,1992-04-19,191.0,76.0
Will Norris,Goalkeeper,England,1993-12-08,195.0,74.0
Matthew Lowton,Defender,England,1989-09-06,180.0,78.0
Charlie Taylor,Defender,England,1993-09-18,176.0,70.0
James Tarkowski,Defender,England,1992-11-19,185.0,81.0
Ben Mee,Defender,England,1989-09-21,180.0,74.0
Erik Pieters,Defender,Netherlands,1988-07-08,183.0,84.0
Phil Bardsley,Defender,Scotland,1985-06-28,180.0,74.0
Kevin Long,Defender,Ireland,1990-08-18,188.0,83.0
Jack Cork,Midfielder,England,1989-06-25,183.0,70.0
Jóhann Gudmundsson,Midfielder,Iceland,1990-10-27,186.0,78.0
Josh Brownhill,Midfielder,England,1995-12-19,180.0,69.0
Dwight McNeil,Midfielder,England,1999-11-22,183.0,68.0
Dale Stephens,Midfielder,England,1989-12-06,169.0,71.0
Ashley Westwood,Midfielder,England,1990-01-04,175.0,80.0
Ashley Barnes,Forward,England,1989-10-30,186.0,77.0
Jay Rodriguez,Forward,England,1989-07-29,185.0,84.0
Matej Vydra,Forward,Czech,1992-01-05,180.0,71.0
Nathan Collins,Defender,Ireland,2001-04-30,193.0,
Wayne Hennessey,Goalkeeper,Wales,1987-01-24,198.0,90.0
Bobby Thomas,Defender,England,2001-01-30,,
Lewis Richardson,Midfielder,England,2003-07-02,,
Owen Dodgson,Defender,England,2003-03-19,,
Aaron Lennon,Midfielder,England,1987-04-16,165.0,63.0
Maxwel Cornet,Midfielder,Cote,1996-09-27,179.0,69.0
Connor Roberts,Defender,Wales,1995-09-23,175.0,71.0
Mark Helm,Midfielder,England,2001-10-21,,
Joseph McGlynn,Forward,Scotland,2002-09-27,,
Wout Weghorst,Forward,Netherlands,1992-07-08,197.0,84.0
Sam Waller,Goalkeeper,England,2003-09-09,,
Kepa Arrizabalaga,Goalkeeper,Spain,1994-03-10,189.0,84.0
Édouard Mendy,Goalkeeper,Senegal,1992-01-03,197.0,86.0
Antonio Rüdiger,Defender,Germany,1993-03-03,190.0,85.0
Marcos Alonso,Defender,Spain,1990-12-28,188.0,84.0
Andreas Christensen,Defender,Denmark,1996-10-04,187.0,82.0
Thiago Silva,Defender,Brazil,1984-09-22,183.0,79.0
Ben Chilwell,Defender,England,1996-12-21,178.0,77.0
Reece James,Defender,England,1999-08-12,182.0,82.0
César Azpilicueta,Defender,Spain,1989-08-28,178.0,76.0
Jorginho,Midfielder,Italy,1991-12-20,180.0,65.0
N'Golo Kanté,Midfielder,France,1991-03-29,168.0,68.0
Christian Pulisic,Midfielder,United,1998-09-18,172.0,69.0
Mateo Kovacic,Midfielder,Croatia,1994-06-05,178.0,78.0
Mason Mount,Midfielder,England,1999-10-01,178.0,70.0
Hakim Ziyech,Midfielder,Morocco,1993-03-19,180.0,65.0
Kai Havertz,Midfielder,Germany,1999-11-06,188.0,83.0
Timo Werner,Forward,Germany,1996-06-03,180.0,75.0
Callum Hudson-Odoi,Forward,England,2000-07-11,182.0,76.0
Ruben Loftus-Cheek,Midfielder,England,1996-01-23,191.0,88.0
Trevoh Chalobah,Defender,England,1999-05-07,190.0,75.0
Marcus Bettinelli,Goalkeeper,England,1992-05-24,194.0,82.0
Romelu Lukaku,Forward,Belgium,1993-05-13,190.0,93.0
Lucas Bergström,Goalkeeper,Finland,2002-05-09,,
Saúl Ñíguez,Midfielder,Spain,1994-11-21,184.0,76.0
Ross Barkley,Midfielder,England,1993-05-12,189.0,76.0
Malang Sarr,Defender,France,1999-01-23,182.0,73.0
Xavier Mbuyamba,Defender,Netherlands,2001-12-31,,
Teddy Sharman-Lowe,Goalkeeper,England,2003-03-30,189.0,73.0
Harvey Vale,Midfielder,England,2003-11-09,,
Xavier Simons,Midfielder,England,2003-02-20,,
Charlie Webster,Midfielder,England,2004-01-31,,
Lewis Hall,Midfielder,England,2004-08-09,,
Jude Soonsup-Bell,Forward,England,2004-10-01,,
Kenedy,Midfielder,Brazil,1996-08-02,182.0,77.0
Dylan Williams,Defender,England,2003-09-13,,
Jack Butland,Goalkeeper,England,1993-10-03,196.0,95.0
Vicente Guaita,Goalkeeper,Spain,1987-10-01,190.0,81.0
Joel Ward,Defender,England,1989-10-29,188.0,83.0
James Tomkins,Defender,England,1989-03-29,192.0,74.0
Nathaniel Clyne,Defender,England,1991-05-04,175.0,67.0
Tyrick Mitchell,Defender,England,1999-01-09,,
Martin Kelly,Defender,England,1990-04-27,191.0,77.0
Nathan Ferguson,Defender,England,2000-06-10,178.0,74.0
Luka Milivojevic,Midfielder,Serbia,1991-07-04,186.0,80.0
Cheikhou Kouyaté,Midfielder,Senegal,1989-12-21,189.0,83.0
Jeffrey Schlupp,Midfielder,Ghana,1992-12-23,178.0,72.0
James McArthur,Midfielder,Scotland,1987-07-10,178.0,75.0
Eberechi Eze,Midfielder,England,1998-06-29,,
Jairo Riedewald,Midfielder,Netherlands,1996-09-09,182.0,79.0
Jordan Ayew,Forward,Ghana,1991-11-09,182.0,80.0
Wilfried Zaha,Forward,Cote,1992-10-11,180.0,66.0
Christian Benteke,Forward,Belgium,1990-03-12,190.0,83.0
Michael Olise,Midfielder,France,2001-12-12,176.0,
Marc Guéhi,Defender,England,2000-07-13,182.0,82.0
Joachim Andersen,Defender,Denmark,1996-05-31,192.0,90.0
Conor Gallagher,Midfielder,England,2000-06-02,182.0,
Remi Matthews,Goalkeeper,England,1994-10-02,184.0,78.0
Reece Hannam,Defender,England,2000-11-09,,
Jesurun Rak-Sakyi,Midfielder,England,2002-05-10,,
Scott Banks,Forward,Scotland,2001-09-26,,
Will Hughes,Midfielder,England,1995-04-17,185.0,74.0
Odsonne Édouard,Forward,France,1998-01-16,187.0,83.0
Jack Wells-Morrison,Midfielder,England,2004-02-18,,
Jean-Philippe Mateta,Forward,France,1997-06-28,192.0,88.0
Omotayo Adaramola,Defender,Ireland,2003-11-13,,
Jordan Pickford,Goalkeeper,England,1994-07-03,185.0,77.0
Mason Holgate,Defender,England,1996-10-22,184.0,63.0
Michael Keane,Defender,England,1993-11-01,191.0,82.0
Yerry Mina,Defender,Colombia,1994-09-23,195.0,94.0
Ben Godfrey,Defender,England,1998-01-15,183.0,74.0
Séamus Coleman,Defender,Ireland,1988-11-10,177.0,67.0
Allan,Midfielder,Brazil,1991-08-01,173.0,73.0
Fabian Delph,Midfielder,England,1989-11-21,174.0,60.0
Abdoulaye Doucouré,Midfielder,Mali,1993-01-01,184.0,75.0
André Gomes,Midfielder,Portugal,1993-07-30,188.0,84.0
Tom Davies,Midfielder,England,1998-06-30,180.0,70.0
Richarlison,Forward,Brazil,1997-10-05,184.0,83.0
Dominic Calvert-Lewin,Forward,England,1997-03-16,187.0,71.0
Alexander Iwobi,Forward,Nigeria,1996-03-05,180.0,75.0
Jonjoe Kenny,Defender,England,1997-03-15,176.0,67.0
Jarrad Branthwaite,Defender,England,2002-06-27,195.0,82.0
Cenk Tosun,Forward,Turkey,1991-07-06,183.0,78.0
Andros Townsend,Midfielder,England,1991-07-16,181.0,77.0
Asmir Begovic,Goalkeeper,Bosnia,1987-06-20,199.0,101.0
Demarai Gray,Forward,England,1996-06-28,180.0,74.0
Anthony Gordon,Forward,England,2001-02-24,,
Andy Lonergan,Goalkeeper,England,1983-10-19,192.0,87.0
Salomón Rondón,Forward,Venezuela,1989-09-16,186.0,98.0
Lewis Dobbin,Forward,England,2003-03-01,,
Charlie Whitaker,Midfielder,England,2003-09-16,,
Harry Tyrer,Goalkeeper,England,2001-06-12,,
Reece Welch,Defender,England,2003-09-19,,
Tyler Onyango,Midfielder,England,2003-04-03,190.0,
Vitalii Mykolenko,Defender,Ukraine,1999-05-29,180.0,71.0
Nathan Patterson,Defender,Scotland,2001-10-16,183.0,72.0
Anwar El Ghazi,Midfielder,Netherlands,1995-03-05,188.0,90.0
Donny van de Beek,Midfielder,Netherlands,1997-04-18,184.0,76.0
Dele Alli,Midfielder,England,1996-11-04,188.0,76.0
Ryan Astley,Defender,Wales,2001-04-10,,
Isaac Price,Midfielder,Northern,2003-09-26,,
Illan Meslier,Goalkeeper,France,2000-02-03,193.0,74.0
Luke Ayling,Defender,England,1991-08-25,185.0,72.0
Robin Koch,Defender,Germany,1996-07-17,192.0,85.0
Liam Cooper,Defender,Scotland,1991-08-30,180.0,73.0
Diego Llorente,Defender,Spain,1993-08-16,186.0,75.0
Pascal Struijk,Defender,Netherlands,1999-11-08,190.0,
Adam Forshaw,Midfielder,England,1991-08-10,174.0,71.0
Stuart Dallas,Midfielder,Northern,1991-04-19,183.0,81.0
Kalvin Phillips,Midfielder,England,1995-02-12,178.0,72.0
Mateusz Klich,Midfielder,Poland,1990-06-13,183.0,84.0
Jamie Shackleton,Midfielder,England,1999-08-10,168.0,65.0
Patrick Bamford,Forward,England,1993-05-09,185.0,71.0
Tyler Roberts,Forward,Wales,1999-12-01,180.0,75.0
Raphinha,Forward,Brazil,1996-12-14,176.0,68.0
Rodrigo,Forward,Spain,1991-06-03,182.0,77.0
Laurens De Bock,Defender,Belgium,1992-07-11,179.0,74.0
Jack Harrison,Midfielder,England,1996-11-20,175.0,70.0
Junior Firpo,Defender,Spain,1996-08-22,184.0,78.0
Kristoffer Klaesson,Goalkeeper,Norway,2000-11-27,189.0,76.0
Crysencio Summerville,Midfielder,Netherlands,2001-10-30,174.0,
Sam Greenwood,Forward,England,2002-01-26,185.0,
Charlie Cresswell,Defender,England,2002-08-17,,
Joe Gelhardt,Forward,England,2002-04-05,175.0,65.0
Liam McCarron,Midfielder,Scotland,2001-07-03,175.0,
Daniel James,Midfielder,Wales,1997-10-11,171.0,76.0
Stuart McKinstry,Midfielder,Scotland,2002-09-18,,
Leo Fuhr Hjelde,Defender,Norway,2003-08-26,188.0,
Lewis Bate,Midfielder,England,2002-10-28,,
Jack Jenkins,Midfielder,England,2002-03-23,,
Kris Moore,Defender,England,2003-11-13,,
Nohan Kenneh,Midfielder,England,2003-10-01,,
Archie Gray,Midfielder,England,2006-12-03,,
Kasper Schmeichel,Goalkeeper,Denmark,1986-05-11,189.0,89.0
Danny Ward,Goalkeeper,Wales,1993-06-22,191.0,88.0
Eldin Jakupovic,Goalkeeper,Switzerland,1984-02-10,191.0,85.0
James Justin,Defender,England,1998-02-23,183.0,80.0
Wesley Fofana,Defender,France,2000-12-17,190.0,
Çaglar Söyüncü,Defender,Turkey,1996-05-23,185.0,82.0
Jonny Evans,Defender,Northern,1988-03-01,188.0,77.0
Daniel Amartey,Defender,Ghana,1994-12-21,186.0,79.0
Ricardo Pereira,Defender,Portugal,1993-06-10,175.0,70.0
Timothy Castagne,Defender,Belgium,1995-05-12,185.0,80.0
Luke Thomas,Defender,England,2001-10-06,,
Youri Tielemans,Midfielder,Belgium,1997-07-05,176.0,72.0
James Maddison,Midfielder,England,1996-11-23,175.0,73.0
Marc Albrighton,Midfielder,England,1989-11-18,175.0,74.0
Harvey Barnes,Midfielder,England,1997-09-12,174.0,66.0
Hamza Choudhury,Midfielder,England,1997-01-10,178.0,64.0
Nampalys Mendy,Midfielder,Senegal,1992-06-23,167.0,73.0
Wilfred Ndidi,Midfielder,Nigeria,1996-12-16,183.0,74.0
Jamie Vardy,Forward,England,1987-11-01,179.0,74.0
Kelechi Iheanacho,Forward,Nigeria,1996-03-10,185.0,82.0
Ayoze Pérez,Forward,Spain,1993-07-29,178.0,72.0
Patson Daka,Forward,Zambia,1998-09-10,183.0,71.0
Boubakary Soumaré,Midfielder,France,1999-02-27,188.0,70.0
Ryan Bertrand,Defender,England,1989-05-08,179.0,85.0
Kiernan Dewsbury-Hall,Midfielder,England,1998-06-09,,
Jannik Vestergaard,Defender,Denmark,1992-03-08,199.0,98.0
Ben Nelson,Defender,England,2004-03-18,,
Thanawat Suengchitthawon,Midfielder,Thailand,2000-08-01,,
Ademola Lookman,Forward,Nigeria,1997-10-20,174.0,71.0
Wanya Marçal-Madivadua,Midfielder,Portugal,2002-10-19,,
Oliver Ewing,Midfielder,Wales,2003-03-01,,
Lewis Brunt,Midfielder,England,2000-06-11,,
Sammy Braybrooke,Midfielder,England,2004-12-03,,
Will Alves,Forward,England,2005-04-02,,
Chituru Odunze,Goalkeeper,United,2002-10-14,200.0,
Alisson,Goalkeeper,Brazil,1992-02-10,191.0,91.0
Adrián,Goalkeeper,Spain,1987-03-01,190.0,80.0
Caoimhin Kelleher,Goalkeeper,Ireland,1998-11-23,178.0,74.0
Virgil van Dijk,Defender,Netherlands,1991-08-07,193.0,92.0
Joseph Gomez,Defender,England,1997-05-23,188.0,77.0
Konstantinos Tsimikas,Defender,Greece,1996-12-05,178.0,77.0
Andrew Robertson,Defender,Scotland,1994-11-03,178.0,64.0
Joel Matip,Defender,Cameroon,1991-08-08,195.0,90.0
Trent Alexander-Arnold,Defender,England,1998-07-10,175.0,69.0
Fabinho,Midfielder,Brazil,1993-10-23,188.0,78.0
Thiago,Midfielder,Spain,1991-11-04,174.0,70.0
James Milner,Midfielder,England,1986-04-01,175.0,70.0
Naby Keïta,Midfielder,Guinea,1995-10-02,172.0,64.0
Jordan Henderson,Midfielder,England,1990-06-17,182.0,67.0
Alex Oxlade-Chamberlain,Midfielder,England,1993-08-15,180.0,70.0
Curtis Jones,Midfielder,England,2001-01-30,185.0,75.0
Roberto Firmino,Forward,Brazil,1991-02-10,181.0,76.0
Sadio Mané,Forward,Senegal,1992-10-04,175.0,69.0
Mohamed Salah,Forward,Egypt,1992-06-15,175.0,71.0
Diogo Jota,Forward,Portugal,1996-04-12,178.0,68.0
Divock Origi,Forward,Belgium,1995-04-18,185.0,75.0
Loris Karius,Goalkeeper,Germany,1993-06-22,189.0,87.0
Harvey Elliott,Midfielder,England,2003-04-04,170.0,
Takumi Minamino,Forward,Japan,1995-01-16,174.0,68.0
Ibrahima Konaté,Defender,France,1999-05-25,194.0,95.0
James Balagizi,Midfielder,England,2003-09-20,,
Tyler Morton,Midfielder,England,2002-10-31,,
Conor Bradley,Midfielder,Northern,2003-09-07,,
Kaide Gordon,Forward,England,2004-05-10,,
Marcelo Pitaluga,Goalkeeper,Brazil,2002-12-20,192.0,77.0
Owen Beck,Defender,Wales,2002-09-08,,
Elijah Dixon-Bonner,Midfielder,England,2001-01-01,,
Harvey Blair,Forward,England,2003-09-14,,
James Norris,Defender,England,2003-04-04,,
Max Woltman,Forward,England,2003-08-20,,
Jarell Quansah,Defender,England,2003-01-29,,
Billy Koumetio,Defender,France,2002-11-14,,
Isaac Mabaya,Midfielder,England,2004-09-22,,
Melkamu Frauendorf,Midfielder,Germany,2004-12-01,,
Luis Díaz,Forward,Colombia,1997-01-13,178.0,65.0
Harvey Davies,Goalkeeper,England,2003-03-09,,
Zack Steffen,Goalkeeper,United,1995-02-04,191.0,86.0
Ederson,Goalkeeper,Brazil,1993-08-17,188.0,86.0
Kyle Walker,Defender,England,1990-05-28,178.0,70.0
Rúben Dias,Defender,Portugal,1997-05-14,186.0,76.0
John Stones,Defender,England,1994-05-28,188.0,70.0
Nathan Aké,Defender,Netherlands,1995-02-18,180.0,75.0
Oleksandr Zinchenko,Defender,Ukraine,1996-12-15,175.0,64.0
Aymeric Laporte,Defender,Spain,1994-05-27,191.0,86.0
Benjamin Mendy,Defender,France,1994-07-17,185.0,85.0
João Cancelo,Defender,Portugal,1994-05-27,182.0,74.0
Ilkay Gündogan,Midfielder,Germany,1990-10-24,180.0,80.0
Rodri,Midfielder,Spain,1996-06-22,191.0,82.0
Kevin De Bruyne,Midfielder,Belgium,1991-06-28,181.0,68.0
Bernardo Silva,Midfielder,Portugal,1994-10-08,173.0,64.0
Fernandinho,Midfielder,Brazil,1985-04-05,179.0,67.0
Phil Foden,Midfielder,England,2000-05-28,171.0,70.0
Raheem Sterling,Forward,England,1994-08-12,170.0,69.0
Gabriel Jesus,Forward,Brazil,1997-03-04,175.0,73.0
Riyad Mahrez,Forward,Algeria,1991-02-21,179.0,67.0
Scott Carson,Goalkeeper,England,1985-03-09,190.0,76.0
Jack Grealish,Midfielder,England,1995-10-09,175.0,68.0
Cole Palmer,Midfielder,England,2002-06-05,,
Cieran Slicker,Goalkeeper,Scotland,2002-09-15,,
Roméo Lavia,Midfielder,Belgium,2004-06-01,,
Luke Mbete,Defender,England,2003-09-18,,
Joshua Wilson-Esbrand,Defender,England,2002-12-26,,
CJ Egan-Riley,Defender,England,2003-02-01,,
James McAtee,Midfielder,England,2002-10-18,,
Samuel Edozie,Forward,England,2003-01-28,,
Kayky,Forward,Brazil,2003-11-06,175.0,68.0
Oscar Bobb,Midfielder,Norway,2003-12-07,,
Liam Delap,Forward,England,2003-08-02,,
David de Gea,Goalkeeper,Spain,1990-07-11,192.0,76.0
Dean Henderson,Goalkeeper,England,1997-12-03,188.0,85.0
Victor Lindelöf,Defender,Sweden,1994-07-17,187.0,80.0
Eric Bailly,Defender,Cote,1994-12-04,187.0,77.0
Phil Jones,Defender,England,1992-02-21,180.0,71.0
Harry Maguire,Defender,England,1993-05-03,194.0,100.0
Luke Shaw,Defender,England,1995-12-07,185.0,75.0
Alex Telles,Defender,Brazil,1992-12-15,181.0,71.0
Aaron Wan-Bissaka,Defender,England,1997-11-26,183.0,72.0
Paul Pogba,Midfielder,France,1993-03-15,191.0,84.0
Fred,Midfielder,Brazil,1993-05-03,169.0,64.0
Bruno Fernandes,Midfielder,Portugal,1994-08-09,179.0,69.0
Nemanja Matic,Midfielder,Serbia,1988-01-08,194.0,85.0
Scott McTominay,Midfielder,Scotland,1996-08-12,193.0,88.0
Hannibal Mejbri,Midfielder,Tunisia,2003-01-21,177.0,
Edinson Cavani,Forward,Uruguay,1987-02-14,184.0,71.0
Marcus Rashford,Forward,England,1997-10-31,180.0,70.0
Mason Greenwood,Forward,England,2001-01-10,181.0,70.0
Anthony Elanga,Forward,Sweden,2002-04-27,178.0,
Shola Shoretire,Forward,England,2004-02-02,170.0,
Diogo Dalot,Defender,Portugal,1999-03-18,183.0,76.0
Jesse Lingard,Midfielder,England,1992-12-15,175.0,62.0
Juan Mata,Midfielder,Spain,1988-04-28,170.0,63.0
Tom Heaton,Goalkeeper,England,1986-04-15,188.0,85.0
Lee Grant,Goalkeeper,England,1983-01-27,193.0,83.0
Facundo Pellistri,Midfielder,Uruguay,2001-12-20,175.0,69.0
Jadon Sancho,Forward,England,2000-03-25,180.0,76.0
Raphaël Varane,Defender,France,1993-04-25,191.0,81.0
Cristiano Ronaldo,Forward,Portugal,1985-05-02,187.0,83.0
Bjorn Hardley,Defender,Netherlands,2002-12-19,,
Charlie Savage,Midfielder,Wales,2003-02-05,,
Zidane Iqbal,Midfielder,Iraq,2003-04-27,,
Martin Dúbravka,Goalkeeper,Slovakia,1989-01-15,190.0,83.0
Karl Darlow,Goalkeeper,England,1990-08-10,190.0,88.0
Mark Gillespie,Goalkeeper,England,1992-03-27,192.0,83.0
Daniel Langley,Goalkeeper,England,2000-12-28,,
Ciaran Clark,Defender,Ireland,1989-09-26,185.0,88.0
Paul Dummett,Defender,Wales,1991-09-26,183.0,82.0
Fabian Schär,Defender,Switzerland,1991-12-20,188.0,84.0
Jamaal Lascelles,Defender,England,1993-11-11,188.0,89.0
Jamal Lewis,Defender,Northern,1998-01-25,178.0,70.0
Emil Krafth,Defender,Sweden,1994-02-08,184.0,83.0
Federico Fernández,Defender,Argentina,1989-02-21,190.0,83.0
Javier Manquillo,Defender,Spain,1994-05-05,178.0,76.0
Jonjo Shelvey,Midfielder,England,1992-02-27,184.0,80.0
Matt Ritchie,Midfielder,Scotland,1989-10-09,172.0,76.0
Isaac Hayden,Midfielder,England,1995-03-22,185.0,79.0
Ryan Fraser,Midfielder,Scotland,1994-02-24,163.0,70.0
Jacob Murphy,Midfielder,England,1995-02-24,179.0,74.0
Miguel Almirón,Midfielder,Paraguay,1994-10-02,174.0,70.0
Sean Longstaff,Midfielder,England,1997-10-30,180.0,65.0
Joelinton,Forward,Brazil,1996-08-14,186.0,81.0
Allan Saint-Maximin,Forward,France,1997-12-03,173.0,67.0
Dwight Gayle,Forward,England,1989-10-17,174.0,78.0
Callum Wilson,Forward,England,1992-02-27,180.0,66.0
Joseph Willock,Midfielder,England,1999-08-20,179.0,71.0
Kieran Trippier,Defender,England,1990-09-19,178.0,71.0
Chris Wood,Forward,New,1991-07-12,191.0,81.0
Bruno Guimarães,Midfielder,Brazil,1997-11-16,182.0,74.0
Matt Targett,Defender,England,1995-09-18,183.0,70.0
Dan Burn,Defender,England,1992-09-05,198.0,87.0
Lucas De Bolle,Midfielder,Scotland,2002-10-22,,
Tim Krul,Goalkeeper,Netherlands,1988-03-04,188.0,84.0
Michael McGovern,Goalkeeper,Northern,1984-12-07,191.0,89.0
Max Aarons,Defender,England,2000-04-01,178.0,69.0
Sam Byram,Defender,England,1993-09-16,180.0,72.0
Grant Hanley,Defender,Scotland,1991-11-20,187.0,81.0
Christoph Zimmermann,Defender,Germany,1993-12-01,194.0,92.0
Andrew Omobamidele,Defender,Ireland,2002-06-23,188.0,
Lukas Rupp,Midfielder,Germany,1991-08-01,178.0,73.0
Kieran Dowell,Midfielder,England,1997-10-10,175.0,70.0
Przemyslaw Placheta,Midfielder,Poland,1998-03-23,177.0,72.0
Jacob Sørensen,Midfielder,Denmark,1998-03-03,,
Kenny McLean,Midfielder,Scotland,1992-08-01,183.0,70.0
Teemu Pukki,Forward,Finland,1990-03-29,180.0,75.0
Adam Idah,Forward,Ireland,2001-11-02,190.0,83.0
Milot Rashica,Midfielder,Kosovo,1996-06-28,177.0,73.0
Angus Gunn,Goalkeeper,England,1996-01-22,196.0,77.0
Ben Gibson,Defender,England,1993-01-15,185.0,78.0
Dimitris Giannoulis,Defender,Greece,1995-10-17,175.0,62.0
Billy Gilmour,Midfielder,Scotland,2001-11-06,166.0,60.0
Pierre Lees-Melou,Midfielder,France,1993-05-25,185.0,69.0
Joshua Sargent,Forward,United,2000-02-20,185.0,79.0
Christos Tzolis,Forward,Greece,2002-01-30,184.0,
Brandon Williams,Defender,England,2000-03-09,171.0,63.0
Mathias Normann,Midfielder,Norway,1996-05-28,179.0,75.0
Ozan Kabak,Defender,Turkey,2000-03-25,186.0,86.0
Jonathan Tomkinson,Defender,United,2002-11-04,,
Jonathan Rowe,Forward,England,2003-04-30,173.0,
Jon McCracken,Goalkeeper,Scotland,2000-05-24,,
Liam Gibbs,Midfielder,England,2002-12-16,,
Abu Kamara,Defender,England,1997-01-04,,
Tony Springett,Midfielder,England,2002-09-22,,
Alex McCarthy,Goalkeeper,England,1989-03-12,193.0,79.0
Harry Lewis,Goalkeeper,England,1997-12-20,191.0,77.0
Fraser Forster,Goalkeeper,England,1988-03-17,201.0,93.0
Kyle Walker-Peters,Defender,England,1997-04-13,173.0,62.0
Jack Stephens,Defender,England,1994-01-27,185.0,75.0
Mohammed Salisu,Defender,Ghana,1999-04-17,191.0,82.0
Jan Bednarek,Defender,Poland,1996-12-04,189.0,77.0
Oriol Romeu,Midfielder,Spain,1991-09-24,183.0,83.0
James Ward-Prowse,Midfielder,England,1994-01-11,173.0,66.0
Nathan Redmond,Midfielder,England,1994-06-03,173.0,69.0
Moussa Djenepo,Midfielder,Mali,1998-06-15,177.0,65.0
Stuart Armstrong,Midfielder,Scotland,1992-03-30,183.0,75.0
William Smallbone,Midfielder,Ireland,2000-02-21,,
Nathan Tella,Midfielder,England,1999-05-07,,
Ibrahima Diallo,Midfielder,France,1999-08-03,179.0,68.0
Che Adams,Forward,Scotland,1996-07-13,175.0,70.0
Yan Valery,Defender,France,1999-02-22,180.0,85.0
Mohamed Elyounoussi,Midfielder,Norway,1994-04-08,178.0,70.0
Shane Long,Forward,Ireland,1987-01-22,178.0,81.0
Theo Walcott,Forward,England,1989-03-16,176.0,68.0
Romain Perraud,Defender,France,1997-09-22,173.0,68.0
Valentino Livramento,Defender,England,2002-12-11,,
Armando Broja,Forward,Albania,2001-10-09,191.0,
Adam Armstrong,Forward,England,1997-10-02,172.0,69.0
Thierry Small,Defender,England,2004-01-08,,
Lyanco,Defender,Brazil,1997-01-02,187.0,85.0
Willy Caballero,Goalkeeper,Argentina,1981-09-28,186.0,81.0
Kgaogelo Chauke,Midfielder,England,2003-08-01,,
Kazeem Olaigbe,Forward,Belgium,2003-02-01,,
Hugo Lloris,Goalkeeper,France,1986-12-26,188.0,82.0
Matt Doherty,Defender,Ireland,1992-01-16,182.0,80.0
Sergio Reguilón,Defender,Spain,1996-12-16,178.0,68.0
Davinson Sánchez,Defender,Colombia,1996-12-06,187.0,81.0
Joe Rodon,Defender,Wales,1997-10-22,180.0,70.0
Japhet Tanganga,Defender,England,1999-03-31,184.0,76.0
Ben Davies,Defender,Wales,1993-04-24,181.0,76.0
Pierre-Emile Højbjerg,Midfielder,Denmark,1995-05-08,187.0,84.0
Harry Winks,Midfielder,England,1996-02-02,178.0,65.0
Eric Dier,Defender,England,1994-01-15,188.0,88.0
Son Heung-Min,Forward,South,1992-08-07,183.0,78.0
Harry Kane,Forward,England,1993-07-28,188.0,86.0
Steven Bergwijn,Forward,Netherlands,1997-08-10,178.0,78.0
Lucas Moura,Forward,Brazil,1992-08-13,172.0,72.0
Ryan Sessegnon,Midfielder,England,2000-05-18,178.0,70.0
Oliver Skipp,Midfielder,England,2000-09-16,175.0,70.0
Pierluigi Gollini,Goalkeeper,Italy,1995-03-18,194.0,94.0
Cristian Romero,Defender,Argentina,1998-04-27,185.0,79.0
Dane Scarlett,Forward,England,2004-03-24,180.0,76.0
Brandon Austin,Goalkeeper,England,1999-07-01,188.0,82.0
Maksim Paskotsi,Defender,Estonia,2003-01-19,,
Kallum Cesay,Defender,England,2002-04-09,,
Brooklyn Lyons-Foster,Defender,England,2000-01-12,,
Harvey White,Midfielder,England,2001-09-19,,
Matthew Craig,Midfielder,Scotland,2003-04-16,,
Romaine Mundle,Midfielder,England,2003-04-24,,
Emerson Royal,Defender,Brazil,1999-01-14,181.0,79.0
Tobi Omole,Defender,England,1999-12-17,,
Malachi Fagan-Walcott,Defender,England,2002-11-03,,
Michael Craig,Midfielder,Scotland,2003-04-16,,
J'Neil Bennett,Forward,England,2001-07-12,,
Rodrigo Bentancur,Midfielder,Uruguay,1997-06-25,187.0,72.0
Dejan Kulusevski,Midfielder,Sweden,2000-04-25,186.0,80.0
Alfie Devine,Midfielder,England,2004-01-08,179.0,75.0
Jamie Bowden,Midfielder,Ireland,2001-09-07,,
Ben Foster,Goalkeeper,England,1983-03-04,193.0,79.0
Daniel Bachmann,Goalkeeper,Austria,1994-09-07,191.0,81.0
Robert Elliot,Goalkeeper,Ireland,1986-04-30,190.0,94.0
Jeremy Ngakia,Defender,England,2000-07-09,,
William Troost-Ekong,Defender,Nigeria,1993-01-09,191.0,82.0
Adam Masina,Defender,Morocco,1994-02-01,189.0,78.0
Craig Cathcart,Defender,Northern,1989-06-02,188.0,73.0
Kiko Femenía,Defender,Spain,1991-02-02,176.0,61.0
Christian Kabasele,Defender,Belgium,1991-02-24,187.0,84.0
Francisco Sierralta,Defender,Chile,1997-06-05,190.0,83.0
Tom Cleverley,Midfielder,England,1989-12-08,175.0,67.0
Ken Sema,Midfielder,Sweden,1993-09-30,180.0,69.0
Dan Gosling,Midfielder,England,1990-01-02,183.0,79.0
Daniel Phillips,Midfielder,England,1990-01-02,183.0,79.0
João Pedro,Forward,Brazil,2001-09-26,182.0,70.0
Ismaïla Sarr,Forward,Senegal,1998-02-25,185.0,76.0
Imrân Louza,Midfielder,Morocco,1999-01-05,178.0,65.0
Emmanuel Dennis,Forward,Nigeria,1997-11-15,175.0,67.0
Ignacio Pussetto,Midfielder,Argentina,1995-12-21,180.0,74.0
Danny Rose,Defender,England,1990-02-07,173.0,72.0
Peter Etebo,Midfielder,Nigeria,1995-09-11,172.0,70.0
Joshua King,Forward,Norway,1992-01-15,180.0,74.0
Kwadwo Baah,Midfielder,Germany,2003-01-27,,
Cucho Hernández,Forward,Colombia,1999-04-20,176.0,73.0
Juraj Kucka,Midfielder,Slovakia,1987-02-26,186.0,86.0
Moussa Sissoko,Midfielder,France,1989-08-16,187.0,83.0
James Morris,Defender,England,2001-11-23,,
Nicolas Nkoulou,Defender,Cameroon,1990-03-27,184.0,77.0
Vincent Angelini,Goalkeeper,Scotland,2003-12-09,186.0,
Hassane Kamara,Defender,Cote,1994-05-03,168.0,67.0
Samir,Defender,Brazil,1994-05-12,189.0,73.0
Edo Kayembe,Midfielder,DR,1998-03-06,183.0,77.0
Derek Agyakwa,Defender,Netherlands,2001-12-19,,
Shaqai Forde,Midfielder,England,2004-05-05,,
Samuel Kalu,Forward,Nigeria,1997-08-26,176.0,74.0
Lukasz Fabianski,Goalkeeper,Poland,1985-04-18,190.0,83.0
David Martin,Goalkeeper,England,1986-01-22,185.0,85.0
Darren Randolph,Goalkeeper,Ireland,1987-12-05,188.0,98.0
Aaron Cresswell,Defender,England,1989-12-15,170.0,66.0
Vladimir Coufal,Defender,Czech,1992-08-22,179.0,76.0
Angelo Ogbonna,Defender,Italy,1988-05-23,191.0,86.0
Issa Diop,Defender,France,1997-09-01,194.0,92.0
Ryan Fredericks,Defender,England,1992-10-10,181.0,74.0
Arthur Masuaku,Defender,DR,1993-07-11,179.0,70.0
Manuel Lanzini,Midfielder,Argentina,1993-02-15,167.0,59.0
Mark Noble,Midfielder,England,1987-08-05,180.0,70.0
Pablo Fornals,Midfielder,Spain,1996-02-22,178.0,67.0
Tomas Soucek,Midfielder,Czech,1995-02-27,192.0,86.0
Declan Rice,Midfielder,England,1999-01-14,185.0,76.0
Andriy Yarmolenko,Forward,Ukraine,1989-10-23,189.0,81.0
Saïd Benrahma,Forward,Algeria,1995-10-08,172.0,67.0
Jarrod Bowen,Forward,England,1996-12-20,175.0,70.0
Michail Antonio,Forward,Jamaica,1990-03-28,180.0,82.0
Craig Dawson,Defender,England,1990-06-05,188.0,82.0
Alphonse Areola,Goalkeeper,France,1993-02-27,195.0,94.0
Jamal Baptiste,Defender,England,2003-11-11,,
Kurt Zouma,Defender,France,1994-10-27,190.0,96.0
Nikola Vlasic,Midfielder,Croatia,1997-04-10,178.0,72.0
Alex Král,Midfielder,Czech,1998-05-19,185.0,72.0
Ajibola Alese,Defender,England,2001-01-17,,
Ben Johnson,Defender,England,2000-01-24,175.0,67.0
Harrison Ashby,Defender,Scotland,2001-11-14,,
Daniel Chesters,Midfielder,England,2002-04-04,,
Sonny Perkins,Midfielder,England,2004-10-02,,
Keenan Appiah-Forson,Midfielder,England,2001-10-16,,
Freddie Potts,Midfielder,England,2003-12-09,,
Emmanuel Longelo,Forward,England,2000-12-27,,
Kamarai Simon-Swyer,Forward,England,2002-04-12,,
Armstrong Oko-Flex,Forward,Ireland,2002-02-03,,
Pierre Ekwah,Defender,France,2002-01-15,,
John Ruddy,Goalkeeper,England,1986-10-24,193.0,97.0
Ki-Jana Hoever,Defender,Netherlands,2002-01-18,180.0,65.0
Marçal,Defender,Brazil,1989-02-19,178.0,74.0
Willy Boly,Defender,Cote,1991-03-02,195.0,92.0
Conor Coady,Defender,England,1993-02-25,185.0,73.0
Jonny,Defender,Spain,1994-03-03,175.0,70.0
Nélson Semedo,Defender,Portugal,1993-11-16,177.0,67.0
Maximilian Kilman,Defender,England,1997-05-23,,
Rúben Neves,Midfielder,Portugal,1997-03-13,180.0,80.0
Daniel Podence,Midfielder,Portugal,1995-10-21,165.0,58.0
Romain Saïss,Midfielder,Morocco,1990-03-26,190.0,80.0
João Moutinho,Midfielder,Portugal,1986-08-09,170.0,61.0
Leander Dendoncker,Midfielder,Belgium,1995-04-15,188.0,83.0
Pedro Neto,Forward,Portugal,2000-09-03,172.0,69.0
Raúl Jiménez,Forward,Mexico,1991-05-05,190.0,76.0
Fábio Silva,Forward,Portugal,2002-07-19,185.0,75.0
Yerson Mosquera,Defender,Colombia,2001-02-05,187.0,76.0
Trincão,Forward,Portugal,1999-12-29,184.0,70.0
Rayan Aït-Nouri,Defender,France,2001-06-06,179.0,70.0
José Sá,Goalkeeper,Portugal,1993-01-17,192.0,84.0
Luke Cundle,Midfielder,England,2002-04-26,,
Chem Campbell,Forward,Wales,2002-12-30,,
Hwang Hee-Chan,Forward,South,1996-01-26,177.0,77.0
James Storer,Goalkeeper,England,1982-02-16,,
Hugo Bueno,Defender,Spain,2002-09-18,180.0,73.0
Dexter Lembikisa,Defender,England,2003-04-11,,
Toti,Defender,Portugal,1999-01-16,187.0,72.0
Chiquinho,Forward,Portugal,2000-05-02,179.0,73.0
Matija Sarkic,Goalkeeper,Montenegro,1997-07-23,195.0,
Matt Macey,Goalkeeper,England,1994-09-09,205.0,
Héctor Bellerín,Defender,Spain,1995-03-19,178.0,
William Saliba,Defender,France,2001-03-24,192.0,
Sokratis Papastathopoulos,Defender,Greece,1988-09-06,186.0,
Shkodran Mustafi,Defender,Germany,1992-04-17,184.0,
David Luiz,Defender,Brazil,1987-04-22,189.0,
Sead Kolasinac,Defender,Bosnia,1993-06-20,183.0,
Mesut Özil,Midfielder,Germany,1988-10-15,180.0,
Lucas Torreira,Midfielder,Uruguay,1996-11-02,168.0,
Ainsley Maitland-Niles,Midfielder,England,1997-08-29,177.0,
Mattéo Guendouzi,Midfielder,France,1999-04-14,185.0,
Pierre-Emerick Aubameyang,Forward,Gabon,1989-06-18,187.0,
Reiss Nelson,Forward,England,1999-10-12,175.0,
Dani Ceballos,Midfielder,Spain,1996-07-08,179.0,
Robbie Burton,Midfielder,Wales,1999-12-26,176.0,
Matthew Smith,Defender,England,2000-05-10,,
Zech Medley,Defender,England,2000-09-07,195.0,
Willian,Forward,Brazil,1988-09-08,175.0,
Danny Ballard,Defender,Northern,1999-09-22,187.0,
Mark McGuinness,Defender,Ireland,2001-05-01,194.0,
Ben Cottrell,Midfielder,England,2001-10-31,,
Tolaji Bola,Defender,England,1999-04-01,188.0,
James Olayinka,Midfielder,England,2000-05-10,,
George Lewis,Forward,Rwanda,2000-06-16,,
Tyreece John-Jules,Forward,England,2001-02-14,183.0,
Henrikh Mkhitaryan,Midfielder,Armenia,1989-01-21,177.0,
Rúnar Rúnarsson,Goalkeeper,Iceland,1995-02-18,186.0,
Pablo Marí,Defender,Spain,1993-08-31,193.0,
Karl Hein,Goalkeeper,Estonia,2002-04-13,193.0,
Folarin Balogun,Forward,England,2001-03-07,178.0,
Mathew Ryan,Goalkeeper,Australia,1992-08-04,184.0,
Joel Lopez Salguero,Defender,Spain,2002-03-31,,
James Hillson,Goalkeeper,England,2001-01-14,,
Jed Steer,Goalkeeper,England,1992-09-23,183.0,
Ørjan Nyland,Goalkeeper,Norway,1990-10-09,192.0,
Lovre Kalinic,Goalkeeper,Croatia,1990-03-04,201.0,
Neil Taylor,Defender,Wales,1989-07-02,176.0,
Björn Engels,Defender,Belgium,1994-09-15,193.0,
Frédéric Guilbert,Defender,France,1994-12-24,178.0,
Ahmed El Mohamady,Defender,Egypt,1987-09-09,183.0,
Henri Lansbury,Midfielder,England,1990-12-10,183.0,
Conor Hourihane,Midfielder,Ireland,1991-02-02,180.0,
Trézéguet,Midfielder,Egypt,1994-01-10,180.0,
Jota,Midfielder,Spain,1991-06-16,180.0,
Wesley Moraes,Forward,Brazil,1996-11-26,191.0,
Mbwana Samatta,Forward,Tanzania,1992-12-23,183.0,
Indiana Vassilev,Forward,United,2001-02-16,173.0,
Keinan Davis,Forward,England,1998-02-13,191.0,
Danny Drinkwater,Midfielder,England,1990-05-03,178.0,
Pepe Reina,Goalkeeper,Spain,1982-08-31,188.0,
Cameron Archer,Forward,England,2001-09-12,,
Akos Onodi,Goalkeeper,Hungary,2001-02-09,,
Oliwier Zych,Goalkeeper,Poland,2004-06-28,,
Dominic Revan,Defender,England,2000-09-19,,
Jake Walker,Defender,England,2000-03-11,,
Frankie Ealing,Defender,England,2004-07-14,,
Callum Rowe,Midfielder,England,1999-02-09,,
Harrison Sohna,Midfielder,England,2002-01-07,,
Kaine Hayden,Midfielder,England,2003-05-25,,
Arjan Raikhy,Midfielder,England,2002-10-20,,
Brad Young,Midfielder,England,2003-06-01,,
Mamadou Dialla Sylla,Midfielder,Spain,2003-01-26,179.0,
Edward Rowe,Midfielder,England,2003-10-17,,
Taylor Jay-Hart,Midfielder,England,2003-12-18,179.0,
Mungo Bridge,Forward,England,2000-12-09,,
Michael Tait,Forward,England,2001-01-29,,
Louie Barry,Forward,England,2003-06-21,,
Kaine Hayden,Midfielder,England,2002-10-23,,
Jaden Philogene-Bidace,Midfielder,England,2002-08-02,,
David Button,Goalkeeper,England,1989-02-27,191.0,
Martín Montoya,Defender,Spain,1991-04-14,175.0,
Bernardo,Defender,Brazil,1995-05-14,186.0,
Aaron Mooy,Midfielder,Australia,1990-09-15,174.0,
Davy Pröpper,Midfielder,Netherlands,1991-02-09,185.0,
Alireza Jahanbakhsh,Forward,Iran,1993-11-08,180.0,
Glenn Murray,Forward,England,1983-09-25,183.0,
José Izquierdo,Forward,Colombia,1992-07-07,171.0,
Aaron Connolly,Forward,Ireland,2000-01-28,,
Ryan Longman,Midfielder,England,2000-06-11,180.0,
Romaric Yapi,Defender,France,2000-07-13,178.0,
Peter Gwargis,Midfielder,Sweden,2000-04-09,,
Max Sanders,Midfielder,England,1999-04-01,175.0,
Jack Spong,Midfielder,England,2002-04-02,,
Taylor Richards,Midfielder,England,2000-04-12,180.0,
Beram Kayal,Midfielder,Israel,1988-02-05,178.0,
Alex Cochrane,Defender,England,2000-04-21,,
Teddy Jenks,Midfielder,England,2002-12-03,191.0,
Ezequiel Schelotto,Defender,Argentina,1989-05-23,187.0,
Jayson Molumby,Midfielder,Ireland,1999-06-08,,
Christian Walton,Goalkeeper,England,1995-09-11,182.0,
Viktor Gyökeres,Forward,Sweden,1998-04-06,187.0,
Jan Paul van Hecke,Defender,Netherlands,2000-08-06,,
Ulrick Eneme-Ella,Forward,Gabon,2001-05-22,184.0,
Andi Zeqiri,Forward,Switzerland,1999-06-22,181.0,
Michal Karbownik,Defender,Poland,2001-03-13,,
Percy Tau,Forward,South,1994-05-13,175.0,
Reda Khadra,Midfielder,Germany,2001-04-07,,
Jensen Weir,Midfielder,England,2002-01-31,184.0,
Florin Andone,Forward,Romania,1993-11-04,180.0,
Warren O'Hora,Defender,Ireland,1999-04-19,,
Bailey Peacock-Farrell,Goalkeeper,Northern,1996-10-29,193.0,
Robbie Brady,Midfielder,Ireland,1992-01-14,176.0,
Josh Benson,Midfielder,England,1999-05-12,175.0,
Joel Mumbongo,Forward,Sweden,1999-09-01,188.0,
Ali Koiki,Defender,England,1999-08-22,,
Mace Goodridge,Midfielder,England,1999-09-13,180.0,
Anthony Driscoll-Glennon,Defender,England,1999-11-26,181.0,
Lukas Jensen,Goalkeeper,Denmark,1999-03-18,198.0,
Max Thompson,Forward,England,2002-09-02,,
Jimmy Dunne,Defender,Ireland,1997-10-19,183.0,
Anthony Mancini,Midfielder,France,2001-06-04,180.0,
Richard Nartey,Defender,England,1998-06-09,184.0,
Jamie Cumming,Goalkeeper,England,1999-04-09,186.0,
Fikayo Tomori,Defender,England,1997-12-19,185.0,
Emerson,Defender,Italy,1994-03-08,176.0,
Tammy Abraham,Forward,England,1997-02-10,190.0,
Pedro,Forward,Spain,1987-07-28,169.0,
Olivier Giroud,Forward,France,1986-09-30,192.0,
Michy Batshuayi,Forward,Belgium,1993-02-10,184.0,
Ian Maatsen,Defender,Netherlands,2002-10-03,167.0,
Faustino Anjorin,Midfielder,England,2001-11-23,185.0,
Henry Lawrence,Defender,England,2001-09-21,,
Dynel Simeu,Defender,England,2002-03-13,186.0,
Nathan Baxter,Goalkeeper,England,1998-08-11,191.0,
Juan Familia-Castillo,Defender,Netherlands,2000-01-13,,
Ethan Ampadu,Defender,Wales,2000-09-14,183.0,
Luke McCormick,Midfielder,England,1999-01-21,,
Lewis Baker,Midfielder,England,1995-04-25,182.0,
Mario Pasalic,Midfielder,Croatia,1995-09-02,188.0,
George McEachran,Midfielder,England,2000-08-30,172.0,
Marco van Ginkel,Midfielder,Netherlands,1992-01-12,180.0,
Karlo Ziger,Goalkeeper,Croatia,2001-11-05,,
Victor Moses,Defender,Nigeria,1990-12-12,177.0,
Tiemoué Bakayoko,Midfielder,France,1994-08-17,185.0,
Davide Zappacosta,Defender,Italy,1992-11-06,185.0,
Patrick van Aanholt,Defender,Netherlands,1990-08-29,176.0,
Scott Dann,Defender,England,1987-02-14,188.0,
Mamadou Sakho,Defender,France,1990-02-13,187.0,
Gary Cahill,Defender,England,1985-12-19,193.0,
Max Meyer,Midfielder,Germany,1995-09-18,173.0,
James McCarthy,Midfielder,Germany,1995-09-18,173.0,
Stephen Henderson,Goalkeeper,Ireland,1988-02-05,193.0,
John-Kymani Gordon,Forward,England,2003-02-13,,
Nikola Tavares,Defender,Croatia,1999-01-17,,
Nya Kirby,Midfielder,England,2000-01-31,174.0,
Brandon Pierrick,Forward,England,2001-10-12,182.0,
Sam Woods,Defender,England,1998-11-09,,
Jaroslaw Jach,Defender,Poland,1994-02-17,192.0,
Ryan Inniss,Defender,England,1995-05-06,196.0,
Connor Wickham,Forward,England,1993-03-31,191.0,
João Virgínia,Goalkeeper,Portugal,1999-10-10,198.0,
Gylfi Sigurdsson,Midfielder,Iceland,1989-08-09,186.0,
Jean-Philippe Gbamin,Midfielder,Cote,1995-09-25,186.0,
Beni Baningime,Midfielder,DR,1998-09-09,178.0,
Bernard,Forward,Brazil,1992-08-09,164.0,
Moise Kean,Forward,Italy,2000-02-28,183.0,
Djibril Sidibé,Defender,France,1992-07-29,182.0,
Maarten Stekelenburg,Goalkeeper,Netherlands,1982-09-22,197.0,
Dennis Adeniran,Midfielder,England,1999-02-01,180.0,
Ellis Simms,Forward,England,2001-05-01,,
Leighton Baines,Defender,England,1984-11-12,170.0,
James Rodríguez,Midfielder,Colombia,1991-12-07,180.0,
Niels Nkounkou,Defender,France,2000-01-11,180.0,
Muhamed Besic,Midfielder,Bosnia,1992-10-09,180.0,
Yannick Bolasie,Forward,DR,1989-05-24,188.0,
Sandro Ramírez,Forward,Spain,1995-09-07,175.0,
Kyle John,Defender,England,2001-02-13,,
Nathan Broadhead,Forward,Wales,1998-05-04,178.0,
Zan-Luk Leban,Goalkeeper,Slovenia,2002-12-15,,
Marek Rodák,Goalkeeper,Slovakia,1996-12-13,194.0,
Jordan Archer,Goalkeeper,Scotland,1993-12-04,186.0,
Fabri,Goalkeeper,Spain,1987-12-31,184.0,
Michael Hector,Defender,Jamaica,1992-07-19,193.0,
Denis Odoi,Defender,Ghana,1988-05-27,178.0,
Alfie Mawson,Defender,England,1994-01-19,189.0,
Tim Ream,Defender,United,1987-05-10,186.0,
Maxime Le Marchand,Defender,France,1989-11-10,185.0,
Cyrus Christie,Defender,Ireland,1992-09-30,188.0,
Joe Bryan,Defender,England,1993-09-17,173.0,
Steven Sessegnon,Defender,England,2000-05-18,175.0,
Jean Michaël Seri,Midfielder,Cote,1991-07-19,168.0,
Kevin McDonald,Midfielder,Scotland,1988-04-11,192.0,
Neeskens Kebano,Midfielder,DR,1992-10-03,170.0,
Stefan Johansen,Midfielder,Norway,1991-08-01,182.0,
Tom Cairney,Midfielder,Scotland,1991-01-20,186.0,
Anthony Knockaert,Midfielder,France,1991-11-20,172.0,
Josh Onomah,Midfielder,England,1997-04-27,185.0,
André-Frank Zambo Anguissa,Midfielder,Cameroon,1995-11-16,184.0,
Luca de la Torre,Midfielder,United,1998-05-23,177.0,
Aleksandar Mitrovic,Forward,Serbia,1994-09-16,189.0,
Bobby De Cordova-Reid,Forward,Jamaica,1993-02-02,170.0,
Ivan Cavaleiro,Forward,Portugal,1993-10-18,175.0,
Aboubakar Kamara,Forward,Mauritania,1995-07-03,177.0,
Harry Arter,Midfielder,Ireland,1989-12-28,176.0,
Harrison Reed,Midfielder,England,1995-01-27,181.0,
Jayden Harris,Midfielder,England,1999-04-09,,
Jay Stansfield,Forward,England,2002-11-24,,
Matt O'Riley,Midfielder,Denmark,2000-11-21,,
Tyrese Francois,Midfielder,Australia,2000-07-16,166.0,
Benjamin Davis,Midfielder,Thailand,2000-11-24,175.0,
Sylvester Jasper,Forward,Bulgaria,2001-09-13,,
Luca Ashby-Hammond,Goalkeeper,England,2001-03-25,,
Jerome Opoku,Defender,England,1998-10-14,194.0,
Martell Taylor-Crossdale,Forward,England,1999-12-26,,
Magnus Norman,Goalkeeper,England,1997-01-19,192.0,
Antonee Robinson,Defender,United,1997-08-08,183.0,
Mario Lemina,Midfielder,Gabon,1993-01-09,184.0,
Kenny Tete,Defender,Netherlands,1995-09-10,180.0,
Ola Aina,Defender,Nigeria,1996-08-10,184.0,
Fabio Carvalho,Midfielder,Portugal,2002-08-30,,
Tosin Adarabioyo,Defender,England,1997-09-24,196.0,
Terence Kongolo,Defender,Netherlands,1994-02-14,188.0,
Josh Maja,Forward,Nigeria,1998-12-27,180.0,
Kiko Casilla,Goalkeeper,Spain,1986-02-10,190.0,
Kamil Miazek,Goalkeeper,Poland,1996-08-15,192.0,
Barry Douglas,Defender,Scotland,1989-04-09,176.0,
Gaetano Berardi,Defender,Switzerland,1988-08-21,179.0,
Robbie Gotts,Defender,England,1999-09-11,,
Ezgjan Alioski,Midfielder,North,1992-12-02,173.0,
Pablo Hernández,Midfielder,Spain,1985-11-04,173.0,
Jay-Roy Grot,Forward,Netherlands,1998-03-13,193.0,
Ian Poveda-Ocampo,Forward,England,2000-09-02,165.0,
Hélder Costa,Forward,Angola,1994-12-01,178.0,
Ryan Edmondson,Forward,England,2001-05-20,,
Jordan Stevens,Midfielder,England,2000-03-25,178.0,
Alfie McCalmont,Midfielder,Northern,2000-03-25,,
Conor Shaughnessy,Midfielder,Ireland,1996-06-30,191.0,
Oliver Casey,Defender,England,2000-10-14,188.0,
Bryce Hosannah,Defender,England,1999-08-04,,
Mateusz Bogusz,Midfielder,Poland,2001-08-22,175.0,
Elia Caprile,Goalkeeper,Italy,2001-08-25,,
Leif Davis,Defender,England,1999-12-31,166.0,
Niall Huggins,Forward,Wales,2000-12-18,,
Cody Drameh,Defender,England,2001-08-12,,
Wes Morgan,Defender,Jamaica,1984-01-21,186.0,
Filip Benkovic,Defender,Croatia,1997-07-13,194.0,
Christian Fuchs,Defender,Austria,1986-07-04,187.0,
Matty James,Midfielder,England,1991-07-22,181.0,
Dennis Praet,Midfielder,Belgium,1994-05-14,181.0,
Islam Slimani,Forward,Algeria,1988-06-18,188.0,
Ryan Bennett,Defender,England,1990-06-03,188.0,
George Hirst,Forward,England,1999-02-15,191.0,
Darnell Johnson,Defender,England,1998-03-09,,
George Thomas,Forward,Wales,1997-03-24,173.0,
Vontae Daley-Campbell,Defender,England,2001-02-04,,
Josh Knight,Defender,England,1997-07-09,185.0,
Sidnei Tavares,Midfielder,Portugal,2001-09-29,,
Thakgalo Leshabela,Midfielder,South,1999-09-18,175.0,
Admiral Muskwe,Forward,Zimbabwe,1998-08-21,183.0,
Josh Felix-Eppiah,Forward,Belgium,1998-11-10,179.0,
Jakub Stolarczyk,Goalkeeper,Poland,2000-12-19,,
Ethan Fitzhugh,Midfielder,England,2002-11-27,,
Wanya Madavidua,Midfielder,England,2002-10-19,,
Cengiz Ünder,Midfielder,Turkey,1997-07-14,173.0,
Shane Flynn,Midfielder,Ireland,2001-10-14,,
Rachid Ghezzal,Midfielder,Algeria,1992-09-05,182.0,
Adrien Silva,Midfielder,Portugal,1989-03-15,171.0,
Fousseni Diabaté,Forward,Mali,1995-10-18,175.0,
Tawanda Maswanhise,Midfielder,England,2002-11-20,,
Neco Williams,Defender,Wales,2001-04-13,183.0,
Georginio Wijnaldum,Midfielder,Netherlands,1990-11-11,175.0,
Marko Grujic,Midfielder,Serbia,1996-04-13,191.0,
Harry Wilson,Midfielder,Wales,1997-03-22,173.0,
Xherdan Shaqiri,Midfielder,Switzerland,1991-10-10,169.0,
Rhian Brewster,Forward,England,2000-01-04,180.0,
Ben Woodburn,Forward,Wales,1999-10-15,174.0,
Ben Winterbottom,Goalkeeper,England,2001-07-16,,
Vítezslav Jaros,Goalkeeper,Czech,2001-07-23,,
Thomas Hill,Forward,England,2002-10-13,,
Dejan Lovren,Defender,Croatia,1989-05-07,188.0,
Luis Longstaff,Midfielder,England,2001-02-24,168.0,
Leighton Clarkson,Midfielder,England,2001-10-19,175.0,
Morgan Boyes,Defender,Wales,2001-04-22,177.0,
Thomas Clayton,Defender,Scotland,2000-12-27,,
Jake Cain,Midfielder,England,2001-02-09,,
Sepp van den Berg,Defender,Netherlands,2001-12-20,189.0,
Layton Stewart,Forward,England,2002-03-09,,
Jack Bearne,Midfielder,England,2001-09-15,,
Joseph Hardy,Forward,England,1998-09-26,170.0,
Yasser Larouci,Defender,France,2001-01-01,176.0,
Tony Gallacher,Defender,Scotland,1999-07-23,173.0,
Adam Lewis,Midfielder,England,1999-08-11,175.0,
Liam Millar,Forward,Canada,1999-09-27,81.0,
Nathaniel Phillips,Defender,England,1997-03-21,190.0,
Sheyi Ojo,Midfielder,England,1997-06-19,177.0,
Taiwo Awoniyi,Forward,Nigeria,1997-12-08,183.0,
Rhys Williams,Defender,England,2001-03-02,,
Ben Davies,Defender,England,1995-11-08,185.0,
Kamil Grabara,Goalkeeper,Poland,1999-08-01,195.0,
Liam Hughes,Goalkeeper,Northern,2001-08-19,,
Jakub Ojrzynski,Goalkeeper,Poland,2003-02-19,,
Claudio Bravo,Goalkeeper,Chile,1983-04-13,184.0,
Pedro Porro,Defender,Spain,1999-09-13,173.0,
Nicolás Otamendi,Defender,Argentina,1988-12-02,183.0,
Eric García,Defender,Spain,2001-09-01,182.0,
David Silva,Midfielder,Spain,1986-08-01,173.0,
Tommy Doyle,Midfielder,England,2001-10-17,,
Ferran Torres,Forward,Spain,2000-02-29,184.0,
Sergio Agüero,Forward,Argentina,1988-02-06,173.0,
Erik Palmer-Brown,Defender,United,1997-04-24,187.0,
Alpha Richard Dionkou,Defender,Senegal,2001-10-10,183.0,
Taylor Harwood-Bellis,Defender,England,2002-01-30,188.0,
Adrián Bernabé,Midfielder,Spain,2001-05-26,170.0,
Leroy Sané,Forward,Germany,1996-11-01,183.0,
Pablo Moreno,Forward,Spain,2002-03-05,174.0,
Felix Nmecha,Midfielder,Germany,2000-10-10,188.0,
James Trafford,Goalkeeper,England,2002-10-10,,
Mikkel Diskerud,Midfielder,United,1990-02-10,184.0,
Claudio Gomes,Midfielder,France,2000-07-23,164.0,
Arijanet Muric,Goalkeeper,Kosovo,1998-07-11,198.0,
Sergio Romero,Goalkeeper,Argentina,1987-02-22,192.0,
Marcos Rojo,Defender,Argentina,1990-03-20,186.0,
Timothy Fosu-Mensah,Defender,Netherlands,1998-02-01,185.0,
Axel Tuanzebe,Defender,England,1997-11-14,186.0,
Ethan Laird,Defender,England,2001-05-08,177.0,
Teden Mengi,Defender,England,2002-04-30,183.0,
Andreas Pereira,Midfielder,Brazil,1996-01-01,175.0,
James Garner,Midfielder,England,2001-03-13,186.0,
Tahith Chong,Midfielder,Netherlands,1999-04-12,185.0,
Ethan Galbraith,Midfielder,Northern,2001-11-05,175.0,
Anthony Martial,Forward,France,1995-05-12,181.0,
Odion Ighalo,Forward,Nigeria,1989-06-16,181.0,
Max Taylor,Defender,England,2000-10-01,,
Matej Kovář,Goalkeeper,Czech,2000-05-17,184.0,
Dylan Levitt,Midfielder,Wales,2000-11-17,180.0,
Arnau Puigmal,Midfielder,Spain,2001-10-01,173.0,
Di'Shon Bernard,Defender,England,2000-10-14,189.0,
D'Mani Mellor,Forward,England,2000-09-20,,
Alexis Sánchez,Forward,Chile,1988-12-19,169.0,
Amad Diallo,Forward,Cote,2002-11-07,173.0,
Chris Smalling,Defender,England,1989-11-22,194.0,
Nathan Bishop,Goalkeeper,England,1999-10-15,185.0,
William Fish,Defender,England,2003-02-17,185.0,
Florian Lejeune,Defender,France,1991-05-20,189.0,
DeAndre Yedlin,Defender,United,1993-09-07,172.0,
Christian Atsu,Midfielder,Ghana,1992-10-01,165.0,
Andy Carroll,Forward,England,1989-06-01,193.0,
Yoshinori Muto,Forward,Japan,1992-07-15,179.0,
Valentino Lazaro,Midfielder,Austria,1996-03-24,180.0,
Nabil Bentaleb,Midfielder,Algeria,1994-11-24,187.0,
Matthew Longstaff,Midfielder,England,2000-03-21,,
Thomas Allan,Forward,England,1999-09-23,,
Elias Sorensen,Forward,Denmark,1999-09-18,,
Lewis Cass,Defender,England,2000-02-27,,
Jack Young,Midfielder,England,2000-10-21,,
Jeff Hendrick,Midfielder,Ireland,1992-01-31,185.0,
Henri Saivet,Midfielder,Senegal,1990-10-26,174.0,
Daniel Barlaser,Midfielder,England,1997-01-18,184.0,
Elliot Anderson,Midfielder,Scotland,2002-06-11,,
Wes Foderingham,Goalkeeper,England,1991-01-14,185.0,
Michael Verrips,Goalkeeper,Netherlands,1996-03-12,195.0,
Simon Moore,Goalkeeper,England,1990-05-19,191.0,
George Baldock,Defender,England,1993-09-03,178.0,
Enda Stevens,Defender,Ireland,1990-09-07,183.0,
Jack O'Connell,Defender,England,1994-03-29,190.0,
Chris Basham,Defender,England,1988-07-20,190.0,
John Egan,Defender,Ireland,1992-10-20,185.0,
Jack Robinson,Defender,England,1993-01-09,168.0,
Kean Bryan,Defender,England,1996-01-11,185.0,
John Fleck,Midfielder,Scotland,1991-08-24,170.0,
John Lundstram,Midfielder,England,1994-02-18,181.0,
Luke Freeman,Midfielder,England,1992-03-22,181.0,
Oliver Norwood,Midfielder,Northern,1991-12-04,180.0,
Ben Osborn,Midfielder,England,1994-05-08,176.0,
Sander Berge,Midfielder,Norway,1998-02-14,195.0,
Oliver McBurnie,Forward,Scotland,1996-04-06,188.0,
Billy Sharp,Forward,England,1986-05-02,175.0,
David McGoldrick,Forward,Ireland,1987-11-29,183.0,
Lys Mousset,Forward,France,1996-08-02,184.0,
Richairo Zivkovic,Forward,Netherlands,1996-05-09,187.0,
Phil Jagielka,Defender,England,1982-08-17,180.0,
Kieron Freeman,Defender,Wales,1992-03-21,178.0,
Leon Clarke,Forward,England,1985-10-02,188.0,
Jack Rodwell,Midfielder,England,1991-11-03,188.0,
Sam Graham,Defender,England,2000-08-13,,
Kyron Gordon,Defender,England,2002-05-24,,
Rhys Norrington-Davies,Defender,Wales,1999-04-22,181.0,
George Broadbent,Midfielder,England,2000-09-30,188.0,
Regan Slater,Midfielder,England,1999-11-09,173.0,
Zak Brunt,Midfielder,England,2001-11-17,,
Antwoine Hackford,Forward,England,2004-03-20,,
Max Lowe,Defender,England,1997-11-05,175.0,
Jayden Bogle,Defender,England,2000-07-27,178.0,
Oliver Burke,Midfielder,Scotland,1997-07-04,188.0,
Ismaila Coulibaly,Midfielder,Mali,2000-12-25,183.0,
Iliman Ndiaye,Midfielder,France,2000-06-03,180.0,
Frankie Maguire,Midfielder,England,2003-07-29,,
Jake Eastwood,Goalkeeper,England,1996-03-10,193.0,
Daniel Jebbison,Forward,England,2003-11-07,190.0,
Harry Boyes,Defender,England,2001-02-11,,
Femi Seriki,Defender,England,2002-04-28,183.0,
William Osula,Forward,Denmark,2003-04-08,,
Jake Vokins,Defender,England,2000-03-17,180.0,
Sofiane Boufal,Midfielder,Morocco,1993-09-17,170.0,
Michael Obafemi,Forward,Ireland,2000-06-07,169.0,
Guido Carrillo,Forward,Argentina,1991-05-25,191.0,
Kevin Danso,Defender,Austria,1998-09-19,190.0,
Kayne Ramsay,Defender,England,2000-10-10,,
Will Ferry,Midfielder,Ireland,2000-07-12,176.0,
Jacob Maddox,Midfielder,England,1998-03-11,179.0,
Daniel N'Lundulu,Forward,England,1999-05-02,185.0,
Maya Yoshida,Defender,Japan,1988-08-24,189.0,
Caleb Watts,Midfielder,Australia,2002-01-16,171.0,
Allan Tchaptchet,Defender,France,2001-12-21,193.0,
Ryan Finnigan,Midfielder,England,2003-09-23,,
Alexandre Jankewitz,Midfielder,Switzerland,2001-12-25,179.0,
Wesley Hoedt,Defender,Netherlands,1994-06-03,188.0,
Paulo Gazzaniga,Goalkeeper,Argentina,1992-02-01,196.0,
Toby Alderweireld,Defender,Belgium,1989-02-03,186.0,
Juan Foyth,Defender,Argentina,1998-12-01,179.0,
Serge Aurier,Defender,Cote,1992-12-24,176.0,
Cameron Carter-Vickers,Defender,United,1997-12-31,183.0,
Erik Lamela,Midfielder,Argentina,1992-04-03,181.0,
Tanguy Ndombele,Midfielder,France,1996-12-28,181.0,
Gedson Fernandes,Midfielder,Portugal,1999-09-01,182.0,
Jack Clarke,Forward,England,2000-11-23,181.0,
Troy Parrott,Forward,Ireland,2002-04-02,185.0,
Jan Vertonghen,Defender,Belgium,1987-04-24,189.0,
Michel Vorm,Goalkeeper,Netherlands,1983-10-20,183.0,
Dennis Cirkin,Defender,England,2002-06-04,181.0,
Joe Hart,Goalkeeper,England,1987-04-19,196.0,
Jubril Okedina,Defender,England,2000-10-26,,
George Marsh,Midfielder,England,1998-05-11,178.0,
Alfie Whiteman,Goalkeeper,England,1998-02-10,189.0,
Gareth Bale,Forward,Wales,1989-07-16,185.0,
Carlos Vinícius,Forward,Brazil,1995-03-25,190.0,
Giovani Lo Celso,Midfielder,Argentina,1996-09-04,177.0,
Marcel Lavinier,Defender,Portugal,2000-12-16,180.0,
Nile John,Midfielder,England,2003-06-03,,
Dilan Markanday,Forward,England,2001-08-20,,
Sam Johnstone,Goalkeeper,England,1993-03-25,193.0,
Darnell Furlong,Defender,England,1995-10-31,183.0,
Kieran Gibbs,Defender,England,1989-09-26,181.0,
Kyle Bartley,Defender,England,1991-05-22,185.0,
Semi Ajayi,Defender,Nigeria,1993-09-11,193.0,
Conor Townsend,Defender,England,1993-04-03,168.0,
Ahmed Hegazi,Defender,Egypt,1991-01-25,193.0,
Dara O'Shea,Defender,Ireland,1999-04-03,188.0,
Jake Livermore,Midfielder,England,1989-11-14,181.0,
Matt Phillips,Midfielder,Scotland,1991-03-13,185.0,
Kamil Grosicki,Midfielder,Poland,1988-08-06,180.0,
Rekeem Harper,Midfielder,England,2000-08-03,188.0,
Romaine Sawyers,Midfielder,St.,1991-02-11,175.0,
Jonathan Leko,Midfielder,England,1999-04-24,182.0,
Sam Field,Midfielder,England,1998-08-05,191.0,
Hal Robson-Kanu,Forward,Wales,1989-05-21,183.0,
Kenneth Zohore,Forward,Denmark,1994-01-31,189.0,
Matheus Pereira,Forward,Brazil,1996-05-05,175.0,
Charlie Austin,Forward,England,1989-05-07,188.0,
Kyle Edwards,Forward,England,1998-02-17,172.0,
Rayhaan Tulloch,Midfielder,England,2001-01-20,178.0,
Finn Azaz,Midfielder,England,2000-07-09,,
Grady Diangana,Midfielder,England,1998-04-19,180.0,
Callum Robinson,Forward,Ireland,1995-02-02,178.0,
Jonathan Bond,Goalkeeper,England,1993-05-19,196.0,
Chris Brunt,Midfielder,Northern,1984-12-14,187.0,
Saul Shotton,Defender,England,2000-10-11,184.0,
Lee Peltier,Defender,England,1986-11-12,178.0,
Gareth Barry,Midfielder,England,1981-02-23,185.0,
Rico Richards,Midfielder,England,2003-09-27,,
Cédric Kipré,Defender,Cote,1996-09-12,193.0,
Branislav Ivanovic,Defender,Serbia,1984-02-22,185.0,
Jamie Soule,Forward,England,2000-11-26,,
Filip Krovinovic,Midfielder,Croatia,1995-08-29,175.0,
Karlan Grant,Forward,England,1997-09-18,180.0,
Cheikh Diaby,Forward,France,2000-07-03,,
Robert Snodgrass,Midfielder,Scotland,1987-07-09,182.0,
George Harmon,Defender,England,2000-08-12,,
Mbaye Diagne,Forward,Senegal,1991-10-28,191.0,
Okay Yokuslu,Midfielder,Turkey,1994-09-03,190.0,
Caleb Taylor,Defender,England,2003-01-14,,
Taylor Gardner-Hickman,Defender,England,2001-12-30,,
Toby King,Midfielder,England,2002-04-01,,
Roberto Jiménez,Goalkeeper,Spain,1986-10-02,192.0,
Fabián Balbuena,Defender,Paraguay,1991-08-23,188.0,
Gonçalo Cardoso,Defender,Portugal,2000-10-21,189.0,
Felipe Anderson,Midfielder,Brazil,1993-04-15,175.0,
Jack Wilshere,Midfielder,England,1992-01-01,172.0,
Sébastien Haller,Forward,Cote,1994-06-22,190.0,
Albian Ajeti,Forward,Switzerland,1997-02-26,183.0,
Joseph Anang,Goalkeeper,England,2000-08-06,,
Bernardo Rosa,Midfielder,Brazil,2000-09-20,,
Alfie Lewis,Midfielder,England,1999-09-28,,
Nathan Trott,Goalkeeper,England,1998-11-21,188.0,
Josh Cullen,Midfielder,Ireland,1996-07-04,175.0,
Xande Silva,Forward,Portugal,1997-03-16,177.0,
Conor Coventry,Midfielder,Ireland,2000-03-25,177.0,
Frederik Alves,Defender,Denmark,1999-08-11,195.0,
Nathan Holland,Midfielder,England,1998-06-19,178.0,
Ademipo Odubeko,Forward,Ireland,2002-10-21,,
Oladapo Afolayan,Forward,England,1997-11-09,180.0,
Rui Patrício,Goalkeeper,Portugal,1988-02-15,190.0,
Rúben Vinagre,Defender,Portugal,1999-09-04,174.0,
Oskar Buur,Defender,Denmark,1998-03-31,180.0,
Bruno Jordão,Midfielder,Portugal,1998-12-10,180.0,
Morgan Gibbs-White,Midfielder,England,2000-01-27,171.0,
Leonardo Campana,Forward,Ecuador,2000-07-24,187.0,
Adama Traoré,Forward,Spain,1996-01-25,178.0,
Austin Samuels,Forward,England,2000-11-20,,
Owen Otasowie,Midfielder,United,2001-06-01,191.0,
Taylor Perry,Midfielder,England,2001-07-15,,
Meritan Shabani,Midfielder,Germany,1999-03-15,185.0,
Andreas Söndergaard,Goalkeeper,Denmark,2001-01-17,189.0,
Lewis Richards,Defender,Ireland,2001-10-15,,
Terry Taylor,Midfielder,Wales,2001-06-29,185.0,
Ryan Giles,Midfielder,England,2000-01-26,179.0,
Christian Marques,Defender,Portugal,2003-01-15,187.0,
Vitinha,Midfielder,Portugal,2000-02-13,172.0,
Theo Corbeanu,Forward,Canada,2002-05-17,190.0,
Patrick Cutrone,Forward,Italy,1998-03-01,183.0,
Nigel Lonwijk,Defender,Netherlands,2002-10-27,188.0,
Willian José,Forward,Brazil,1991-11-23,189.0,
Petr Cech,Goalkeeper,Czech,1982-05-20,196.0,
Laurent Koscielny,Defender,France,1985-10-09,186.0,
Stephan Lichtsteiner,Defender,Switzerland,1984-01-16,182.0,
Nacho Monreal,Defender,Spain,1986-02-26,179.0,
Carl Jenkinson,Defender,England,1992-08-02,185.0,
Konstantinos Mavropanos,Defender,Greece,1997-11-12,194.0,
Julio Pleguezuelo,Defender,Spain,1997-01-26,180.0,
Aaron Ramsey,Midfielder,Wales,1990-12-26,178.0,
Denis Suárez,Midfielder,Spain,1994-06-01,176.0,
David Ospina,Goalkeeper,Colombia,1988-08-31,183.0,
Dominic Thompson,Defender,England,2000-07-26,,
Mark Bunn,Goalkeeper,England,1984-11-16,183.0,
James Chester,Defender,Wales,1989-01-23,180.0,
Alan Hutton,Defender,Scotland,1984-11-30,185.0,
Tommy Elphick,Defender,England,1987-07-09,180.0,
Glenn Whelan,Midfielder,Ireland,1984-01-13,180.0,
Tom Carroll,Midfielder,England,1992-05-28,177.0,
Mile Jedinak,Midfielder,Australia,1984-03-08,189.0,
Andre Green,Midfielder,England,1998-07-26,180.0,
Birkir Bjarnason,Midfielder,Iceland,1988-05-27,183.0,
Albert Adomah,Midfielder,Ghana,1987-12-13,185.0,
Jonathan Kodjia,Forward,Cote,1989-10-22,191.0,
James Bree,Defender,England,1997-11-12,172.0,
Mitchell Clark,Defender,Wales,1999-03-13,,
Jake Doyle-Hayes,Midfielder,Ireland,1998-12-30,,
Callum O'Hare,Midfielder,England,1998-01-05,175.0,
Scott Hogan,Forward,Ireland,1992-04-13,180.0,
Rushian Marcus Amari Hepburn-Murphy,Forward,England,1998-08-28,173.0,
Harry McKirdy,Forward,England,1997-03-29,175.0,
Ross McCormack,Forward,Scotland,1986-08-18,175.0,
Aaron Tshibola,Midfielder,DR,1995-02-01,190.0,
Borja Bastón,Forward,Spain,1992-08-25,186.0,
Artur Boruc,Goalkeeper,Poland,1980-02-20,193.0,
Mark Travers,Goalkeeper,Ireland,1999-05-18,191.0,
Simon Francis,Defender,England,1985-02-16,183.0,
Steve Cook,Defender,England,1991-04-19,185.0,
Charlie Daniels,Defender,England,1986-07-09,178.0,
Adam Smith,Defender,England,1991-04-29,180.0,
Diego Rico,Defender,Spain,1993-02-23,183.0,
Jack Simpson,Defender,England,1996-12-18,178.0,
Chris Mepham,Defender,Wales,1997-05-11,191.0,
Andrew Surman,Midfielder,England,1986-08-20,178.0,
Jefferson Lerma,Midfielder,Colombia,1994-10-25,179.0,
Jordon Ibe,Midfielder,England,1995-08-12,176.0,
Lewis Cook,Midfielder,England,1997-03-02,175.0,
Junior Stanislas,Midfielder,England,1989-11-26,183.0,
David Brooks,Midfielder,Wales,1997-08-07,173.0,
Kyle Taylor,Midfielder,England,1999-05-26,,
Matt Butcher,Midfielder,England,1997-05-14,188.0,
Nnamdi Ofoborh,Midfielder,Nigeria,1999-07-11,175.0,
Dominic Solanke,Forward,England,1997-09-14,187.0,
Sam Surridge,Forward,England,1998-07-28,191.0,
Marc Pugh,Midfielder,England,1987-02-04,180.0,
Mihai-Alexandru Dobre,Midfielder,Romania,1998-08-30,185.0,
Jermain Defoe,Forward,England,1982-07-10,171.0,
Lloyd Kelly,Defender,England,1998-06-10,178.0,
Connor Mahoney,Midfielder,England,1997-12-02,175.0,
Jack Stacey,Defender,England,1996-06-04,180.0,
Philip Billing,Midfielder,Denmark,1996-11-06,193.0,
Arnaut Danjuma,Forward,Netherlands,1997-01-31,178.0,
William Dennis,Goalkeeper,England,2000-10-07,,
Jordan Zemura,Defender,Zimbabwe,1999-11-14,,
Sam Sherring,Defender,England,2000-08-05,,
Gavin Kilkenny,Midfielder,Ireland,2000-01-02,,
Brennan Camp,Defender,Scotland,2000-12-10,,
Corey Jordan,Defender,England,1999-04-03,185.0,
Christian Saydee,Midfielder,England,2002-10-05,181.0,
Brooklyn Genesini,Defender,England,2001-12-12,,
Bruno,Defender,Spain,1980-01-10,181.0,
Gaëtan Bong,Defender,Cameroon,1988-04-25,187.0,
Leon Balogun,Defender,Nigeria,1988-06-28,190.0,
Leo Østigård,Defender,Norway,1999-11-28,182.0,
Will Collar,Midfielder,England,1997-03-02,181.0,
Jürgen Locadia,Forward,Netherlands,1993-07-11,187.0,
Jan Mlakar,Forward,Slovenia,1998-10-23,183.0,
Markus Suttner,Defender,Austria,1987-04-16,179.0,
Ben Barclay,Defender,England,1996-07-10,,
Tomer Hemed,Forward,Israel,1987-02-05,186.0,
Matthew Clarke,Defender,England,1996-09-22,185.0,
Billy Arce,Midfielder,Ecuador,1998-12-07,178.0,
Soufyan Ahannach,Midfielder,Netherlands,1995-09-09,179.0,
Bojan Radulović,Forward,Serbia,1999-12-29,191.0,
Archie Davies,Defender,England,1998-07-10,,
Andrew Crofts,Midfielder,Wales,1984-05-29,175.0,
Jordan Davies,Midfielder,Wales,1998-08-18,,
Anders Lindegaard,Goalkeeper,Denmark,1984-04-13,193.0,
Adam Legzdins,Goalkeeper,England,1986-11-28,190.0,
Stephen Ward,Defender,Ireland,1985-08-20,184.0,
Steven Defour,Midfielder,Belgium,1988-04-15,173.0,
Peter Crouch,Forward,England,1981-01-30,201.0,
Daniel Agyei,Forward,England,1997-01-06,183.0,
Jonathan Walters,Forward,Ireland,1983-09-20,183.0,
Sam Vokes,Forward,Wales,1989-10-21,186.0,
Ntumba Massanka,Midfielder,England,1996-11-30,191.0,
Nahki Wells,Forward,Bermuda,1990-01-06,170.0,
Aiden O'Neill,Midfielder,Australia,1998-04-07,178.0,
Joel Senior,Defender,England,1999-06-24,,
Robert Green,Goalkeeper,England,1980-01-18,187.0,
Marcin Bulka,Goalkeeper,Poland,1999-04-10,199.0,
Gonzalo Higuaín,Forward,Argentina,1987-10-12,186.0,
Abdul Rahman Baba,Defender,Ghana,1994-02-07,180.0,
Álvaro Morata,Forward,Spain,1992-10-23,190.0,
Matt Miazga,Defender,United,1995-07-19,191.0,
Cesc Fàbregas,Midfielder,Spain,1987-04-05,180.0,
Tomas Kalas,Defender,Czech,1993-05-15,183.0,
Iké Ugbo,Forward,Canada,1998-09-21,184.0,
Lucas Piazon,Midfielder,Brazil,1994-01-20,182.0,
Kasey Palmer,Midfielder,Jamaica,1996-09-11,175.0,
Dujon Sterling,Midfielder,England,1999-10-24,186.0,
Isaiah Brown,Forward,England,1997-07-01,182.0,
Julian Speroni,Goalkeeper,Argentina,1979-05-18,186.0,
Lucas Perri,Goalkeeper,Brazil,1997-10-12,194.0,
Joe Tupper,Goalkeeper,England,1997-11-15,,
Pape Souaré,Defender,Senegal,1990-06-06,178.0,
Bakary Sako,Midfielder,Mali,1988-04-26,183.0,
Luke Dreher,Midfielder,England,1998-11-27,184.0,
Giovanni McGregor,Midfielder,England,1999-09-01,,
Sullay Kaikai,Midfielder,Sierra,1995-08-26,182.0,
Alexander Sørloth,Forward,Norway,1995-05-12,195.0,
Jonathan Williams,Midfielder,Wales,1993-09-10,168.0,
Jordon Mutch,Midfielder,England,1991-02-12,188.0,
Jason David Ian Puncheon,Midfielder,England,1986-06-18,173.0,
Víctor Camarasa,Midfielder,Spain,1994-05-28,183.0,
James Daly,Forward,England,2000-12-01,,
Mateusz Hewelt,Goalkeeper,Poland,1996-09-23,186.0,
Idrissa Gueye,Midfielder,Senegal,1989-09-26,174.0,
Morgan Schneiderlin,Midfielder,France,1989-08-11,181.0,
Jiang Guangtai,Defender,China,1994-05-27,181.0,
Cuco Martina,Defender,Curacao,1989-09-25,185.0,
Callum Connolly,Defender,England,1997-09-23,183.0,
Matthew Pennington,Defender,England,1994-06-10,185.0,
Joe Williams,Midfielder,England,1996-08-12,185.0,
Luke Garbutt,Defender,England,1993-05-21,179.0,
Kevin Mirallas,Midfielder,Belgium,1987-05-10,182.0,
Henry Onyekuru,Forward,Nigeria,1997-05-06,175.0,
Shani Tarashaj,Forward,Switzerland,1995-07-02,176.0,
Oumar Niasse,Forward,Senegal,1990-04-18,182.0,
Lewis Gibson,Defender,England,2000-07-19,185.0,
Danny Simpson,Defender,England,1987-04-01,176.0,
Shinji Okazaki,Forward,Japan,1986-04-16,174.0,
Yohan Benalouane,Defender,Tunisia,1987-03-28,185.0,
Vicente Iborra,Midfielder,Spain,1988-01-16,190.0,
Bartosz Kapustka,Midfielder,Poland,1996-12-23,179.0,
Leonardo Ulloa,Forward,Argentina,1986-07-26,188.0,
Andy King,Midfielder,Wales,1988-10-29,184.0,
Daniel Iversen,Goalkeeper,Denmark,1997-07-19,191.0,
Callum Elder,Defender,Australia,1995-01-27,180.0,
Adam Leathers,Midfielder,England,2001-11-14,,
Will Russ,Forward,Wales,2002-08-11,,
Viktor Johansson,Goalkeeper,Sweden,1998-09-14,186.0,
Callum Wright,Midfielder,England,2000-02-05,,
Terell Pennant,Forward,England,2002-09-14,,
Layton Ndukwu,Forward,England,1998-07-09,177.0,
Calvin Bassey,Defender,Nigeria,1999-12-31,185.0,
Elliott Moore,Defender,England,1997-03-16,,
Simon Mignolet,Goalkeeper,Belgium,1988-06-03,193.0,
Alberto Moreno,Defender,Spain,1992-05-07,171.0,
Isaac Christie-Davies,Midfielder,Wales,1997-10-18,188.0,
Rafael Camacho,Midfielder,Portugal,2000-05-22,175.0,
Daniel Sturridge,Forward,England,1989-01-09,188.0,
Allan,Midfielder,Brazil,1997-03-03,175.0,
Lazar Markovic,Midfielder,Serbia,1994-02-03,175.0,
Ragnar Klavan,Defender,Estonia,1985-10-30,187.0,
Daniel Atherton,Goalkeeper,England,1999-12-18,,
George Johnston,Defender,Scotland,1998-01-09,181.0,
Paul Glatzel,Midfielder,England,2001-02-20,,
Ryan Kent,Midfielder,England,1996-11-11,172.0,
Bobby Duncan,Forward,England,2001-06-26,,
Ovie Ejaria,Midfielder,England,1997-11-18,183.0,
Pedro Chirivella,Midfielder,Spain,1997-05-23,178.0,
Herbie Kane,Midfielder,England,1998-11-23,177.0,
Daniel Grimshaw,Goalkeeper,England,1998-01-16,185.0,
Danilo,Defender,Brazil,1991-07-15,184.0,
Vincent Kompany,Defender,Belgium,1986-10-04,193.0,
Eliaquim Mangala,Defender,France,1991-02-13,188.0,
Philippe Sandler,Defender,Netherlands,1997-10-02,188.0,
Cameron Humphreys-Grant,Defender,England,1998-08-22,185.0,
Marlos Moreno,Forward,Colombia,1996-09-20,171.0,
Brahim Díaz,Forward,Spain,1999-03-08,171.0,
Jason Denayer,Defender,Belgium,1995-06-28,184.0,
Daniel Arzani,Midfielder,Australia,1999-04-01,171.0,
Patrick Roberts,Midfielder,England,1997-05-02,168.0,
Luke Bolton,Midfielder,England,1999-07-10,174.0,
Lukas Nmecha,Forward,Germany,1998-12-14,185.0,
Angeliño,Defender,Spain,1997-04-01,175.0,
Ben Knight,Midfielder,England,2002-06-14,,
Iker Pozo,Midfielder,Spain,2000-06-08,,
Aleix García,Midfielder,Spain,1997-06-28,173.0,
Nabili Zoubdi Touaizi,Forward,Morocco,2001-01-02,,
Gavin Bazunu,Goalkeeper,Ireland,2002-02-20,189.0,
Slobodan Tedic,Forward,Serbia,2000-04-13,190.0,
Antonio Valencia,Defender,Ecuador,1985-04-08,180.0,
Matteo Darmian,Defender,Italy,1989-02-12,182.0,
Ander Herrera,Midfielder,Spain,1989-08-14,182.0,
Angel Gomes,Midfielder,England,2000-08-31,161.0,
Joshua Bohui,Forward,England,1999-03-03,180.0,
Marouane Fellaini,Midfielder,Belgium,1987-11-22,194.0,
Ethan Hamilton,Midfielder,Scotland,1998-10-18,187.0,
Kieran O'Hara,Goalkeeper,Ireland,1996-04-22,191.0,
Joel Pereira,Goalkeeper,Portugal,1996-06-28,188.0,
Largie Ramazani,Forward,Belgium,2001-02-27,167.0,
Nathan Harker,Goalkeeper,England,1998-05-11,,
Freddie Woodman,Goalkeeper,England,1997-04-03,188.0,
Antonio Barreca,Defender,Italy,1995-03-18,180.0,
Ki Sung-Yeung,Midfielder,South,1989-01-24,189.0,
Mohamed Diamé,Midfielder,Senegal,1987-06-14,184.0,
Kelland Watts,Midfielder,England,1999-03-11,,
Joselu,Forward,Spain,1990-03-27,192.0,
Callum Roberts,Midfielder,England,1997-04-14,,
Jack Colback,Midfielder,England,1989-10-24,177.0,
Rolando Aarons,Midfielder,England,1995-11-16,178.0,
Achraf Lazaar,Defender,Morocco,1992-01-22,184.0,
Jamie Sterry,Defender,England,1995-11-21,180.0,
Owen Bailey,Midfielder,England,1999-01-22,,
Jetro Willems,Defender,Netherlands,1994-03-30,169.0,
Liam Gibson,Defender,England,1997-04-25,185.0,
Peter Keen,Goalkeeper,England,1976-11-16,183.0,
Aston Oxborough,Goalkeeper,England,1998-09-05,,
Ivo Pinto,Defender,Portugal,1990-07-01,182.0,
Timm Klose,Defender,Switzerland,1988-09-05,193.0,
Felix Passlack,Defender,Germany,1998-05-29,170.0,
Philip Heise,Defender,Germany,1991-06-20,184.0,
Timi Odusina,Defender,England,1999-10-28,,
Mario Vrancic,Midfielder,Bosnia,1989-05-23,187.0,
Moritz Leitner,Midfielder,Germany,1992-08-12,174.0,
Marco Stiepermann,Midfielder,Germany,1991-09-02,190.0,
Tom Trybull,Midfielder,Germany,1993-09-03,181.0,
Onel Hernández,Midfielder,Cuba,1993-01-02,172.0,
Alexander Tettey,Midfielder,Norway,1986-04-04,180.0,
Louis Thompson,Midfielder,Wales,1994-12-19,180.0,
Todd Cantwell,Midfielder,England,1998-02-27,177.0,
Alfie Payne,Midfielder,England,1999-07-10,,
Jordan Rhodes,Forward,Scotland,1990-05-02,185.0,
Dennis Srbeny,Forward,Germany,1994-05-05,189.0,
Marcel Franke,Defender,Germany,1993-05-04,193.0,
Sean Raggett,Defender,England,1993-04-17,181.0,
Josip Drmic,Forward,Switzerland,1992-08-08,183.0,
James Husband,Defender,England,1994-03-01,179.0,
Ben Marshall,Midfielder,England,1991-03-29,183.0,
Nélson Oliveira,Forward,Portugal,1991-08-08,186.0,
Yanic-Sonny Wildschut,Forward,Suriname,1991-01-11,187.0,
Ralf Fährmann,Goalkeeper,Germany,1988-09-27,197.0,
Ibrahim Amadou,Midfielder,France,1993-06-04,183.0,
Archie Mair,Goalkeeper,Scotland,2001-10-02,198.0,
Akin Famewo,Defender,England,1998-09-11,187.0,
Rocky Bushiri,Defender,Belgium,1999-11-30,186.0,
Ondrej Duda,Midfielder,Slovakia,1994-05-12,181.0,
Josh Martin,Midfielder,England,2001-09-09,,
Sam McCallum,Defender,England,2000-02-09,,
Melvin Sitti,Midfielder,France,2000-02-14,182.0,
Mason Bloomfield,Forward,England,1996-04-11,191.0,
Jordan Thomas,Defender,England,2001-02-01,,
Daniel Adshead,Midfielder,England,2001-02-09,167.0,
Jake Wright,Defender,England,1986-11-03,186.0,
Richard Stearman,Defender,England,1987-08-19,191.0,
Martin Cranie,Defender,England,1986-09-26,183.0,
Paul Coutts,Midfielder,Scotland,1988-07-22,183.0,
Mark Duffy,Midfielder,England,1985-07-10,175.0,
Marvin Johnson,Midfielder,England,1990-01-12,178.0,
Gary Madine,Forward,England,1990-08-24,193.0,
Conor Washington,Forward,Northern,1992-05-18,178.0,
Ben Heneghan,Defender,England,1993-09-19,191.0,
Daniel Lafferty,Defender,Northern,1989-05-18,180.0,
Nathan Thomas,Midfielder,England,1994-09-27,178.0,
Ricky Holmes,Midfielder,England,1987-06-19,173.0,
Samir Carruthers,Midfielder,Ireland,1993-04-04,173.0,
Tyler Smith,Forward,England,1998-04-12,178.0,
Caolan Lavery,Forward,Northern,1992-10-22,180.0,
Ched Evans,Forward,Wales,1988-12-28,183.0,
Ravel Morrison,Midfielder,Jamaica,1993-02-02,175.0,
David Parkhouse,Forward,Northern,1999-10-24,,
Panagiotis Retsos,Defender,Greece,1998-09-08,186.0,
Josh Sims,Midfielder,England,1997-03-28,174.0,
Tyreke Johnson,Midfielder,England,1998-03-11,185.0,
Callum Slattery,Midfielder,England,1999-08-02,175.0,
Sam Gallagher,Forward,England,1995-09-15,194.0,
Marcus Barnes,Forward,England,1996-01-12,185.0,
Manolo Gabbiadini,Forward,Italy,1991-11-26,181.0,
Steven Davis,Midfielder,Northern,1985-01-01,173.0,
Sam McQueen,Defender,England,1995-06-02,180.0,
Jake Flannigan,Midfielder,England,1996-02-02,180.0,
Jake Hesketh,Midfielder,England,1996-03-27,168.0,
Jordy Clasie,Midfielder,Netherlands,1991-06-27,169.0,
Jack Bycroft,Goalkeeper,England,2001-09-21,,
Oludare Olufunwa,Defender,England,2001-07-29,,
Thomas O'Connor,Defender,Ireland,1999-04-21,,
Aaron O'Driscoll,Defender,Ireland,1999-04-04,188.0,
Christoph Klarer,Midfielder,Austria,2000-06-14,191.0,
Kornelius Normann Hansen,Midfielder,Norway,2001-06-05,175.0,
Michael Stensgaard,Goalkeeper,Denmark,1974-01-09,188.0,
Timothy Eyoma,Defender,England,2000-01-29,183.0,
Victor Wanyama,Midfielder,Kenya,1991-06-25,188.0,
Luke Amos,Midfielder,England,1997-02-23,179.0,
Vincent Janssen,Forward,Netherlands,1994-06-15,180.0,
Fernando Llorente,Forward,Spain,1985-02-26,193.0,
Kazaiah Sterling,Forward,England,1998-09-11,175.0,
Georges-Kévin Nkoudou,Midfielder,France,1995-02-13,172.0,
Mousa Dembélé,Midfielder,Belgium,1987-07-16,185.0,
Jonathan De Bie,Goalkeeper,Belgium,2000-05-28,,
Anthony Georgiou,Midfielder,Cyprus,1997-02-24,179.0,
Jack Roles,Midfielder,Cyprus,1999-02-26,,
Heurelho Gomes,Goalkeeper,Brazil,1981-02-15,191.0,
Pontus Dahlberg,Goalkeeper,Sweden,1999-01-21,194.0,
Daryl Janmaat,Defender,Netherlands,1989-07-22,185.0,
Miguel Britos,Defender,Uruguay,1985-07-17,188.0,
Sebastian Prödl,Defender,Austria,1987-06-21,194.0,
Adrian Mariappa,Defender,Jamaica,1986-03-10,180.0,
Marc Navarro,Defender,Spain,1995-02-07,188.0,
José Holebas,Defender,Greece,1984-06-27,184.0,
Nathaniel Chalobah,Midfielder,England,1994-12-12,187.0,
Domingos Quina,Midfielder,Portugal,1999-11-18,179.0,
Etienne Capoue,Midfielder,France,1988-11-07,189.0,
Roberto Pereyra,Midfielder,Argentina,1991-07-01,182.0,
Gerard Deulofeu,Forward,Spain,1994-03-13,177.0,
Troy Deeney,Forward,England,1988-06-29,183.0,
Isaac Success,Forward,Nigeria,1996-07-01,186.0,
Adalberto Peñaranda,Forward,Venezuela,1997-05-31,185.0,
Andre Gray,Forward,Jamaica,1991-06-26,178.0,
Marvin Zeegelaar,Defender,Netherlands,1990-12-08,186.0,
Younes Kaboul,Defender,France,1986-04-01,193.0,
Dimitri Foulquier,Defender,Guadeloupe,1993-03-23,183.0,
Ben Wilmot,Defender,England,1999-04-11,188.0,
Dodi Lukébakio,Midfielder,Belgium,1997-09-24,187.0,
Stefano Okaka,Forward,Italy,1989-09-08,186.0,
Kane Crichlow,Midfielder,Bermuda,2000-08-21,,
Harry Forster,Midfielder,England,2000-11-05,,
Tom Dele-Bashiru,Midfielder,Nigeria,1999-09-17,183.0,
Sam Dalby,Forward,England,1999-07-12,,
Adam Parkes,Goalkeeper,England,1999-11-30,,
Mason Barrett,Defender,England,1999-09-24,,
Bayli Spencer-Adams,Defender,England,2001-06-26,,
Callum Whelan,Midfielder,England,1998-09-24,,
Joseph Hungbo,Midfielder,England,2000-01-15,,
Kaylen Hinds,Forward,England,1998-01-28,179.0,
Henry Wise,Midfielder,England,2000-01-01,174.0,
Jayden Bennetts,Midfielder,England,2001-06-26,,
Jamal Balogun,Defender,England,2000-01-18,,
Andi Janjeva,Defender,Kosovo,2002-11-10,,
Jerome Sinclair,Forward,England,1996-09-20,173.0,
Winston Reid,Defender,New,1988-03-07,190.0,
Pablo Zabaleta,Defender,Argentina,1985-01-16,176.0,
Pedro Obiang,Midfielder,Equatorial,1992-03-27,185.0,
Carlos Sánchez,Midfielder,Colombia,1986-06-02,182.0,
Samir Nasri,Midfielder,France,1987-06-26,175.0,
Marko Arnautovic,Forward,Austria,1989-04-19,192.0,
Chicharito,Forward,Mexico,1988-01-06,175.0,
Lucas Pérez,Forward,Spain,1988-10-09,180.0,
Reece Oxford,Defender,England,1998-12-16,193.0,
Joe Powell,Midfielder,England,1998-10-30,178.0,
Sead Haksabanovic,Midfielder,Montenegro,1999-04-05,173.0,
Edimilson Fernandes,Midfielder,Switzerland,1996-04-15,187.0,
Toni Martínez,Forward,Spain,1997-06-30,180.0,
Jordan Hugill,Forward,England,1992-04-06,183.0,
Daniel Kemp,Midfielder,England,1999-11-01,,
Elliot Watt,Midfielder,Scotland,2000-11-03,175.0,
Pote,Midfielder,Portugal,1998-06-28,173.0,
Niall Ennis,Forward,England,1999-05-20,180.0,
Joe Mason,Forward,England,1991-05-13,178.0,
Léo Bonatini,Forward,Brazil,1994-03-28,185.0,
Danny Batth,Defender,England,1990-09-21,191.0,
Benny Ashley-Seal,Forward,England,1998-11-21,,
Paul Gladon,Forward,Netherlands,1992-03-18,188.0,
Bright Enobakhare,Forward,Nigeria,1998-08-02,178.0,
Benik Afobe,Forward,DR,1993-12-02,183.0,
Roderick Miranda,Defender,Portugal,1991-03-30,191.0,
Rafa Mir,Forward,Spain,1997-06-18,191.0,
Dion Sanderson,Defender,England,1999-12-15,,
Ed Francis,Defender,England,1999-11-09,182.0,
Nathaniel Shio Hong Wan,Midfielder,England,2000-08-17,,
Jesús Vallejo,Defender,Spain,1997-05-01,184.0,
Renat Dadashov,Forward,Azerbaijan,1999-05-17,186.0,
Flávio Cristóvão,Defender,Portugal,1997-05-23,185.0,
Luke Matheson,Defender,England,2002-02-10,,
Dejan Iliev,Goalkeeper,North,1995-02-25,195.0,
Per Mertesacker,Defender,Germany,1984-09-29,198.0,
Jordi Osei-Tutu,Defender,England,1998-02-10,176.0,
Santi Cazorla,Midfielder,Spain,1984-12-13,168.0,
Vlad Dragomir,Midfielder,Romania,1999-04-24,178.0,
Charlie Gilmour,Midfielder,Scotland,1999-11-02,171.0,
Jeff Reine-Adélaïde,Midfielder,France,1998-01-17,183.0,
Chuba Akpom,Forward,England,1995-09-10,183.0,
Adam Federici,Goalkeeper,Australia,1985-01-31,188.0,
Brad Smith,Defender,Australia,1994-09-04,178.0,
Emerson Hyndman,Midfielder,United,1996-09-04,170.0,
Mikael Ndjoli,Forward,England,1998-12-16,183.0,
Rhoys Wiggins,Defender,Wales,1987-04-11,173.0,
Baily Cargill,Defender,England,1995-05-07,189.0,
Shaun Hobson,Defender,England,1998-06-29,,
Lewis Grabban,Forward,England,1988-12-01,183.0,
Ben Whitfield,Midfielder,England,1996-02-28,165.0,
Niki Mäenpää,Goalkeeper,Finland,1985-01-23,190.0,
Uwe Hünemeier,Defender,Germany,1986-09-01,189.0,
Connor Goldson,Defender,England,1992-12-18,191.0,
Liam Rosenior,Defender,England,1984-09-07,178.0,
Jiri Skalak,Midfielder,Czech,1992-12-03,177.0,
Steve Sidwell,Midfielder,England,1982-12-14,178.0,
Des Hutchinson,Midfielder,Ireland,1996-05-12,,
Sam Baldock,Forward,England,1989-03-15,170.0,
Rohan Ince,Midfielder,England,1992-08-11,191.0,
Richard Towell,Forward,Ireland,1991-07-17,173.0,
Dean Marney,Midfielder,England,1984-01-31,183.0,
Neil Etheridge,Goalkeeper,Philippines,1990-07-02,188.0,
Brian Murphy,Goalkeeper,Ireland,1983-07-05,183.0,
Joe Bennett,Defender,England,1990-03-28,183.0,
Sean Morrison,Defender,England,1991-08-01,193.0,
Bruno Ecuele Manga,Defender,Gabon,1988-07-16,186.0,
Jazz Richards,Defender,Wales,1991-12-04,185.0,
Sol Bamba,Defender,Cote,1985-01-13,190.0,
Gregory Halford,Defender,England,1984-08-12,193.0,
Matthew Connolly,Defender,England,1987-09-24,188.0,
Callum Paterson,Forward,Scotland,1994-10-13,183.0,
Armand Traore,Defender,Senegal,1989-08-10,185.0,
Cameron Coxe,Defender,Wales,1998-12-18,185.0,
Joe Ralls,Midfielder,England,1993-12-10,183.0,
Kadeem Harris,Midfielder,England,1993-08-06,175.0,
Liam Feeney,Midfielder,England,1986-04-28,183.0,
Anthony Pilkington,Midfielder,Ireland,1988-06-06,180.0,
Aron Gunnarsson,Midfielder,Iceland,1989-04-22,178.0,
Loïc Damour,Midfielder,France,1991-08-01,180.0,
Craig Bryson,Midfielder,Scotland,1986-06-11,170.0,
Jamie Ward,Midfielder,Northern,1986-12-05,165.0,
Mark Harris,Midfielder,Wales,1998-12-29,182.0,
Danny Ward,Forward,England,1991-11-12,178.0,
Nathaniel Mendez-Laing,Midfielder,England,1992-04-15,180.0,
Frédéric Gounongbe,Forward,Benin,1988-01-05,191.0,
Ibrahim Meite,Forward,England,1996-07-29,188.0,
Junior Hoilett,Midfielder,Canada,1990-05-06,173.0,
Allan McGregor,Goalkeeper,Scotland,1982-01-31,183.0,
Greg Cunningham,Defender,Ireland,1991-01-31,183.0,
Josh Murphy,Midfielder,England,1995-02-24,173.0,
Alex Smithies,Goalkeeper,England,1990-05-03,185.0,
Lee Camp,Goalkeeper,Northern,1984-08-22,183.0,
Declan John,Defender,Wales,1995-06-30,178.0,
Stuart O'Keefe,Midfielder,England,1991-04-03,173.0,
Matthew Kennedy,Midfielder,Northern,1994-01-11,175.0,
Rhys Healey,Forward,England,1994-06-12,180.0,
Ciaron Brown,Defender,Northern,1998-01-14,185.0,
Lloyd Humphries,Midfielder,Wales,1997-03-10,,
Leandro Bacuna,Midfielder,Curacao,1991-08-21,187.0,
Emiliano Sala,Forward,Argentina,1990-10-31,187.0,
Jack Bodenham,Defender,Wales,1999-09-29,,
Lee Tomlin,Forward,England,1989-12-01,180.0,
Omar Bogle,Forward,England,1992-07-26,187.0,
Thibaut Courtois,Goalkeeper,Belgium,1992-11-05,199.0,
Eduardo,Goalkeeper,Portugal,1982-09-19,187.0,
Kyle Scott,Midfielder,United,1997-12-22,172.0,
Eden Hazard,Forward,Belgium,1991-07-01,175.0,
Cristián Cuevas,Defender,Chile,1995-02-04,173.0,
Jérémie Boga,Midfielder,Cote,1997-03-01,172.0,
Charly Musonda,Midfielder,Belgium,1996-10-15,173.0,
Jared Thompson,Goalkeeper,Northern,1999-02-23,,
Bradley Collins,Goalkeeper,England,1997-02-18,184.0,
Diego Cavalieri,Goalkeeper,Brazil,1982-01-12,189.0,
Dion Henry,Goalkeeper,England,1997-12-09,180.0,
Damien Delaney,Defender,Ireland,1981-07-20,191.0,
Yohan Cabaye,Midfielder,France,1986-01-14,174.0,
Lee Chung-Yong,Midfielder,South,1988-02-07,180.0,
Jason Lokilo,Midfielder,DR,1998-09-17,175.0,
Erdal Rakip,Midfielder,North,1996-02-13,180.0,
Levi Lumeka,Forward,England,1998-05-09,170.0,
Joel Robles,Goalkeeper,Spain,1990-06-17,195.0,
Ashley Williams,Defender,Wales,1984-08-23,183.0,
Ramiro Mori,Defender,Argentina,1991-05-03,186.0,
Morgan Feeney,Defender,England,1999-08-02,190.0,
Michael Collins,Defender,England,2000-09-22,,
Davy Klaassen,Midfielder,Netherlands,1993-02-21,179.0,
Alex Denny,Midfielder,England,2000-12-04,186.0,
Fraser Hornby,Midfielder,Scotland,1999-09-13,195.0,
Shayne Lavery,Forward,Northern,1998-08-12,,
Stephen Duke-McKenna,Midfielder,Guyana,2000-08-17,,
Marcelo Djaló,Defender,Guinea-Bissau,1993-08-10,193.0,
Tayo Edun,Midfielder,England,1998-05-14,170.0,
Ibrahima Cissé,Midfielder,Guinea,1994-02-28,184.0,
Rui Fonte,Forward,Portugal,1990-04-23,179.0,
Floyd Ayité,Forward,Togo,1988-12-15,175.0,
Mattias Käit,Midfielder,Estonia,1998-06-29,186.0,
Cauley Woodrow,Forward,England,1994-02-12,184.0,
Marlon Fossey,Defender,United,1998-09-09,180.0,
Moritz Jenz,Defender,Germany,1999-04-30,190.0,
Jon Thorsteinsson,Midfielder,Iceland,1998-11-26,177.0,
Taye Ashby-Hammond,Goalkeeper,England,1999-03-21,186.0,
André Schürrle,Midfielder,Germany,1990-06-11,184.0,
Sergio Rico,Goalkeeper,Spain,1993-01-09,195.0,
Luciano Vietto,Forward,Argentina,1993-05-12,174.0,
Ryan Babel,Midfielder,Netherlands,1986-12-19,185.0,
Håvard Nordtveit,Defender,Norway,1990-06-21,188.0,
Joel Coleman,Goalkeeper,England,1995-09-26,198.0,
Tommy Smith,Defender,England,1992-04-14,186.0,
Scott Malone,Defender,England,1991-03-25,189.0,
Chris Löwe,Defender,Germany,1989-04-16,175.0,
Christopher Schindler,Defender,Germany,1990-04-29,188.0,
Jon Stankovic,Defender,Slovenia,1996-01-14,190.0,
Florent Hadergjonaj,Defender,Kosovo,1994-07-31,182.0,
Jordan Williams,Defender,England,1999-10-22,179.0,
Michael Hefele,Defender,Germany,1990-01-09,192.0,
Dean Whitehead,Midfielder,England,1982-12-01,180.0,
Jonathan Hogg,Midfielder,England,1988-06-12,170.0,
Sean Scannell,Midfielder,Ireland,1990-09-17,176.0,
Abdelhamid Sabiri,Midfielder,Germany,1996-11-28,186.0,
Rajiv van La Parra,Midfielder,Netherlands,1991-04-06,181.0,
Danny Williams,Midfielder,United,1989-08-03,182.0,
Alex Pritchard,Midfielder,England,1993-03-05,171.0,
Tom Ince,Midfielder,England,1992-01-30,178.0,
Lewis O'Brien,Midfielder,England,1998-10-14,173.0,
Elias Kachunga,Forward,DR,1992-04-22,178.0,
Laurent Depoitre,Forward,Belgium,1988-07-12,191.0,
Collin Quaner,Forward,Germany,1991-06-18,191.0,
Steve Mounié,Forward,Benin,1994-09-29,190.0,
Ramadan Sobhi,Midfielder,Egypt,1997-01-23,189.0,
Ben Hamer,Goalkeeper,England,1987-11-20,192.0,
Juninho Bacuna,Midfielder,Curacao,1997-07-08,178.0,
Tareiq Holmes-Dennis,Defender,England,1995-10-31,175.0,
Jack Payne,Midfielder,England,1994-10-25,165.0,
Jordy Hiwula-Mayifuila,Forward,England,1994-09-21,178.0,
Ryan Schofield,Goalkeeper,England,1999-11-12,190.0,
Erik Durm,Defender,Germany,1992-12-05,182.0,
Adama Diakhaby,Forward,France,1996-05-07,184.0,
Rarmani Edmonds-Green,Defender,England,1999-01-14,,
Samuel Sharrock-Peplow,Midfielder,England,2002-07-14,,
Isaac Mbenza,Midfielder,Belgium,1996-08-03,187.0,
Demeaco Duhaney,Defender,England,1998-10-13,180.0,
Matty Daly,Midfielder,England,2001-10-03,,
Aaron Rowe,Midfielder,England,2000-07-09,,
Ben Jackson,Defender,England,2001-02-22,,
Robert Huth,Defender,Germany,1984-08-18,191.0,
Aleksandar Dragovic,Defender,Austria,1991-06-03,186.0,
Sam Hughes,Defender,England,1997-04-15,,
Ahmed Musa,Forward,Nigeria,1992-10-14,171.0,
Josh Gordon,Forward,England,1994-10-10,178.0,
Connor Barrett,Midfielder,England,2002-01-03,,
Ádám Bogdán,Goalkeeper,Hungary,1987-09-27,193.0,
Conor Masterson,Defender,Ireland,1998-08-09,,
Emre Can,Midfielder,Germany,1994-12-01,186.0,
Paulo Alves,Midfielder,Portugal,1997-12-25,176.0,
Jon Flanagan,Defender,England,1993-01-01,181.0,
Pablo Maffeo,Defender,Spain,1997-12-07,172.0,
Yaya Touré,Midfielder,Cote,1983-05-13,188.0,
Olarenwaju Kayode,Forward,Nigeria,1993-08-05,176.0,
Tyreke Wilson,Defender,Ireland,1999-02-12,,
Nathanael Ogbeta,Defender,England,2001-04-28,,
Benjamín Garré,Midfielder,Argentina,2000-11-07,172.0,
Rabbi Matondo,Forward,Wales,2000-09-09,175.0,
Daley Blind,Defender,Netherlands,1990-09-03,180.0,
Michael Carrick,Midfielder,England,1981-07-28,188.0,
Demetri Mitchell,Defender,England,1997-11-01,181.0,
Ro-Shaun Williams,Defender,England,1998-03-09,188.0,
Chancel Mbemba,Defender,DR,1994-08-08,182.0,
Massadio Haïdara,Defender,Mali,1992-02-12,179.0,
Jesús Gámez,Defender,Spain,1985-10-04,177.0,
Mikel Merino,Midfielder,Spain,1996-06-22,188.0,
Matz Sels,Goalkeeper,Belgium,1992-02-26,191.0,
Stuart Taylor,Goalkeeper,England,1980-11-28,198.0,
Jérémy Pied,Defender,France,1989-02-23,174.0,
Dusan Tadic,Midfielder,Serbia,1988-11-20,181.0,
Alfie Jones,Defender,England,1997-07-10,191.0,
Tashan Oakley-Boothe,Midfielder,England,2000-02-14,182.0,
Anton Walkes,Defender,England,1997-08-02,187.0,
Jonathan Dinzeyi,Defender,England,1999-10-13,,
Shilow Tracey,Midfielder,England,1998-04-29,179.0,
Orestis Karnezis,Goalkeeper,Greece,1985-11-07,189.0,
Joy Mukena,Defender,England,1999-03-07,,
Didier Ndong,Midfielder,Gabon,1994-06-17,179.0,
André Carrillo,Midfielder,Peru,1991-06-14,182.0,
Costel Pantilimon,Goalkeeper,Romania,1987-01-02,203.0,
Brice Dja Djédjé,Defender,Cote,1990-12-23,170.0,
Brandon Mason,Defender,England,1997-09-30,173.0,
Mauro Zárate,Forward,Argentina,1987-03-18,176.0,
Michael Folivi,Forward,England,1998-02-25,180.0,
James Collins,Defender,Wales,1983-08-23,188.0,
Patrice Evra,Defender,France,1981-05-15,174.0,
Josh Pask,Defender,England,1997-01-11,187.0,
Vashon Neufville,Defender,England,1999-07-18,173.0,
João Mário,Midfielder,Portugal,1993-01-19,179.0,
Reece Burke,Defender,England,1996-02-09,189.0,
Martin Samuelsen,Midfielder,Norway,1997-04-17,189.0,
Moses Makasi,Midfielder,England,1995-09-22,,
Carl Ikeme,Goalkeeper,Nigeria,1986-08-06,188.0,
Harry Burgoyne,Goalkeeper,England,1996-12-28,195.0,
Phil Ofosu-Ayeh,Defender,Ghana,1991-09-15,181.0,
Alfred N'Diaye,Midfielder,Senegal,1990-06-03,193.0,
Jordan Graham,Midfielder,England,1995-05-03,182.0,
Sylvain Deslandes,Defender,France,1997-04-25,178.0,
Connor Johnson,Defender,England,1998-10-03,,
Ben Stevenson,Midfielder,England,1997-03-23,183.0,
Connor Ronan,Midfielder,Ireland,1998-06-03,178.0,
Daniel Armstrong,Midfielder,Scotland,1997-11-10,175.0,
Michal Zyro,Forward,Poland,1992-09-20,187.0,
Donovan Wilson,Forward,England,1997-03-14,180.0,
Prince Alban Oniangué,Midfielder,Congo,1988-04-11,190.0,
Cameron John,Defender,England,1999-08-24,,
Pedro Pereira,Midfielder,Portugal,1998-06-28,173.0,
Ethan Ebanks-Landell,Defender,England,1992-12-16,188.0,
